lottery_type,period_id,d1,d2,d3,d4,d5
pl5,2004001,9,2,8,8,2
pl5,2004002,1,7,3,8,7
pl5,2004003,1,8,3,2,8
pl5,2004004,4,3,2,4,8
pl5,2004005,5,4,1,5,9
pl5,2004006,2,6,2,2,5
pl5,2004007,3,0,7,4,5
pl5,2004008,2,2,6,9,9
pl5,2004009,4,1,8,0,9
pl5,2004010,2,7,4,6,4
pl5,2004011,3,6,4,1,6
pl5,2004012,3,0,5,6,4
pl5,2004013,0,3,2,3,2
pl5,2004014,3,5,9,1,9
pl5,2004015,5,9,8,7,2
pl5,2004016,4,4,5,1,7
pl5,2004017,1,9,3,1,8
pl5,2004018,1,2,9,9,8
pl5,2004019,7,1,1,4,0
pl5,2004020,1,0,9,3,1
pl5,2004021,3,9,3,8,6
pl5,2004022,5,9,1,9,0
pl5,2004023,8,7,1,9,7
pl5,2004024,8,8,6,7,9
pl5,2004025,6,1,8,6,8
pl5,2004026,6,2,1,7,3
pl5,2004027,3,6,3,3,9
pl5,2004028,0,7,5,1,9
pl5,2004029,2,5,6,1,5
pl5,2004030,1,2,0,6,0
pl5,2004031,3,6,2,1,0
pl5,2004032,3,7,8,7,0
pl5,2004033,5,0,5,0,2
pl5,2004034,9,9,5,2,8
pl5,2004035,3,7,4,8,0
pl5,2004036,0,0,9,0,4
pl5,2004037,3,2,5,9,5
pl5,2004038,4,2,5,3,3
pl5,2004039,8,0,2,1,2
pl5,2004040,5,6,6,4,1
pl5,2004041,8,1,4,0,5
pl5,2004042,7,8,0,2,4
pl5,2004043,7,0,4,3,2
pl5,2004044,3,8,2,1,2
pl5,2005001,0,5,4,9,7
pl5,2005002,3,6,6,1,4
pl5,2005003,4,3,1,3,2
pl5,2005004,6,7,4,7,6
pl5,2005005,2,9,9,5,5
pl5,2005006,4,2,0,5,9
pl5,2005007,4,3,5,1,6
pl5,2005008,2,8,1,2,6
pl5,2005009,8,6,9,8,0
pl5,2005010,4,1,6,7,1
pl5,2005011,2,0,4,5,5
pl5,2005012,1,9,6,6,2
pl5,2005013,6,1,3,2,6
pl5,2005014,0,8,5,4,2
pl5,2005015,3,6,7,4,7
pl5,2005016,6,6,5,7,3
pl5,2005017,1,5,7,4,9
pl5,2005018,0,5,5,9,6
pl5,2005019,5,7,4,7,9
pl5,2005020,9,2,2,4,3
pl5,2005021,0,0,1,4,8
pl5,2005022,9,3,8,2,4
pl5,2005023,0,8,0,2,5
pl5,2005024,3,1,2,5,4
pl5,2005025,7,5,5,9,4
pl5,2005026,2,7,7,1,6
pl5,2005027,0,1,4,4,2
pl5,2005028,8,6,2,0,2
pl5,2005029,6,2,8,7,3
pl5,2005030,4,5,9,2,4
pl5,2005031,5,0,4,0,5
pl5,2005032,3,6,1,8,6
pl5,2005033,5,9,0,9,1
pl5,2005034,1,8,6,3,5
pl5,2005035,8,3,0,2,0
pl5,2005036,9,4,2,3,6
pl5,2005037,7,0,8,4,1
pl5,2005038,3,1,9,6,6
pl5,2005039,0,2,8,8,3
pl5,2005040,0,4,7,9,8
pl5,2005041,1,3,3,8,2
pl5,2005042,2,3,4,1,9
pl5,2005043,8,4,5,8,0
pl5,2005044,9,5,5,9,3
pl5,2005045,4,0,0,6,9
pl5,2005046,5,4,5,3,3
pl5,2005047,4,2,9,1,1
pl5,2005048,7,6,1,0,7
pl5,2005049,7,9,0,9,1
pl5,2005050,1,0,4,1,7
pl5,2005051,2,4,7,6,3
pl5,2005052,3,0,6,8,3
pl5,2005053,1,7,5,3,8
pl5,2005054,5,1,9,0,6
pl5,2005055,0,1,4,4,9
pl5,2005056,6,0,0,2,8
pl5,2005057,8,1,3,2,4
pl5,2005058,3,5,3,4,2
pl5,2005059,9,8,3,6,1
pl5,2005060,9,6,0,6,2
pl5,2005061,9,1,2,2,4
pl5,2005062,7,9,6,6,6
pl5,2005063,1,8,1,6,3
pl5,2005064,9,6,9,5,4
pl5,2005065,8,9,5,2,2
pl5,2005066,6,2,6,7,7
pl5,2005067,1,6,9,1,8
pl5,2005068,9,0,3,6,6
pl5,2005069,7,4,3,1,0
pl5,2005070,9,8,4,3,6
pl5,2005071,9,1,7,0,1
pl5,2005072,2,5,6,9,1
pl5,2005073,2,3,2,9,6
pl5,2005074,0,0,6,1,1
pl5,2005075,7,0,0,5,3
pl5,2005076,4,1,8,7,1
pl5,2005077,6,4,8,8,4
pl5,2005078,8,4,2,7,1
pl5,2005079,9,5,9,2,3
pl5,2005080,4,9,5,1,9
pl5,2005081,2,5,0,5,9
pl5,2005082,2,1,6,6,7
pl5,2005083,7,0,2,5,4
pl5,2005084,2,7,7,2,8
pl5,2005085,9,4,2,3,4
pl5,2005086,6,3,5,9,4
pl5,2005087,1,5,5,8,9
pl5,2005088,1,4,4,1,5
pl5,2005089,0,9,1,9,0
pl5,2005090,0,6,5,6,5
pl5,2005091,1,0,2,4,6
pl5,2005092,2,9,9,4,3
pl5,2005093,8,6,1,6,1
pl5,2005094,1,1,2,1,8
pl5,2005095,0,6,1,4,1
pl5,2005096,9,3,5,1,2
pl5,2005097,0,8,5,6,3
pl5,2005098,6,7,0,0,5
pl5,2005099,6,9,5,6,7
pl5,2005100,1,2,7,0,9
pl5,2005101,3,2,0,4,8
pl5,2005102,4,3,1,2,0
pl5,2005103,8,7,3,3,9
pl5,2005104,6,8,1,7,3
pl5,2005105,3,6,3,2,5
pl5,2005106,5,4,0,5,2
pl5,2005107,8,3,8,3,1
pl5,2005108,3,8,4,1,1
pl5,2005109,6,1,0,6,9
pl5,2005110,4,1,7,4,5
pl5,2005111,0,6,1,5,6
pl5,2005112,2,9,8,2,2
pl5,2005113,0,0,5,0,8
pl5,2005114,8,9,2,0,7
pl5,2005115,6,2,6,0,6
pl5,2005116,5,6,9,7,3
pl5,2005117,9,9,2,8,0
pl5,2005118,5,9,3,2,5
pl5,2005119,1,1,1,1,3
pl5,2005120,1,6,2,3,5
pl5,2005121,7,2,9,9,4
pl5,2005122,5,4,2,9,2
pl5,2005123,9,7,4,8,2
pl5,2005124,2,1,9,2,9
pl5,2005125,5,0,8,4,4
pl5,2005126,5,3,4,6,3
pl5,2005127,4,4,5,2,5
pl5,2005128,1,6,2,8,9
pl5,2005129,7,0,7,4,3
pl5,2005130,5,4,6,5,9
pl5,2005131,6,6,3,5,1
pl5,2005132,8,3,6,5,3
pl5,2005133,7,5,9,0,1
pl5,2005134,7,0,4,1,9
pl5,2005135,7,4,5,0,9
pl5,2005136,9,2,8,2,6
pl5,2005137,2,5,3,3,8
pl5,2005138,0,1,4,5,6
pl5,2005139,4,6,2,0,6
pl5,2005140,8,9,4,2,2
pl5,2005141,1,6,8,0,4
pl5,2005142,3,0,6,3,2
pl5,2005143,2,0,7,1,4
pl5,2005144,5,7,4,3,6
pl5,2005145,0,5,7,2,9
pl5,2005146,1,0,9,3,5
pl5,2005147,1,2,1,2,2
pl5,2005148,9,7,9,6,7
pl5,2005149,8,9,9,7,2
pl5,2005150,5,2,4,3,5
pl5,2005151,9,9,0,8,9
pl5,2005152,9,2,7,9,3
pl5,2005153,8,6,6,4,3
pl5,2005154,7,7,6,9,6
pl5,2005155,0,2,4,2,5
pl5,2005156,1,1,9,4,5
pl5,2005157,5,9,8,4,5
pl5,2005158,8,7,6,7,7
pl5,2005159,1,0,7,9,1
pl5,2005160,7,2,6,2,6
pl5,2005161,2,2,1,3,0
pl5,2005162,9,6,7,1,8
pl5,2005163,6,4,5,4,2
pl5,2005164,0,0,1,3,5
pl5,2005165,3,9,8,1,7
pl5,2005166,7,3,6,8,9
pl5,2005167,7,1,1,6,7
pl5,2005168,9,0,7,8,6
pl5,2005169,2,6,3,4,9
pl5,2005170,1,9,5,4,2
pl5,2005171,1,6,5,1,0
pl5,2005172,9,9,7,6,3
pl5,2005173,2,0,7,0,0
pl5,2005174,8,7,6,2,7
pl5,2005175,9,3,3,0,7
pl5,2005176,9,3,7,4,2
pl5,2005177,7,0,5,2,1
pl5,2005178,0,0,4,4,0
pl5,2005179,0,4,3,5,5
pl5,2005180,3,9,5,4,0
pl5,2005181,4,0,2,5,0
pl5,2005182,4,6,9,3,8
pl5,2005183,1,7,3,1,8
pl5,2005184,8,8,4,4,3
pl5,2005185,4,3,9,4,2
pl5,2005186,2,0,2,1,5
pl5,2005187,9,1,3,0,0
pl5,2005188,6,2,9,0,5
pl5,2005189,4,0,3,0,5
pl5,2005190,4,2,6,1,1
pl5,2005191,5,0,6,1,1
pl5,2005192,6,2,4,9,6
pl5,2005193,9,9,9,9,8
pl5,2005194,4,9,4,3,4
pl5,2005195,5,2,6,7,7
pl5,2005196,0,0,5,6,1
pl5,2005197,7,8,8,8,4
pl5,2005198,7,4,9,6,7
pl5,2005199,7,9,4,1,1
pl5,2005200,9,9,8,8,8
pl5,2005201,0,4,5,3,4
pl5,2005202,3,3,0,8,5
pl5,2005203,8,1,9,3,9
pl5,2005204,5,0,6,6,1
pl5,2005205,8,7,5,2,5
pl5,2005206,9,5,8,2,6
pl5,2005207,8,6,7,7,7
pl5,2005208,5,4,0,2,8
pl5,2005209,3,1,6,6,4
pl5,2005210,5,4,3,6,0
pl5,2005211,5,3,4,2,1
pl5,2005212,7,8,0,3,3
pl5,2005213,9,6,2,0,0
pl5,2005214,1,6,9,1,3
pl5,2005215,2,3,6,5,3
pl5,2005216,8,5,6,2,9
pl5,2005217,5,5,5,4,3
pl5,2005218,7,2,4,9,7
pl5,2005219,2,1,6,9,7
pl5,2005220,8,0,2,7,7
pl5,2005221,8,7,0,3,0
pl5,2005222,8,9,5,6,7
pl5,2005223,5,3,9,2,7
pl5,2005224,5,6,7,1,3
pl5,2005225,3,0,9,9,2
pl5,2005226,2,9,3,0,5
pl5,2005227,2,6,4,4,1
pl5,2005228,7,2,5,4,9
pl5,2005229,8,1,3,5,0
pl5,2005230,7,8,4,9,3
pl5,2005231,0,7,7,1,0
pl5,2005232,7,4,9,4,4
pl5,2005233,9,3,4,9,3
pl5,2005234,1,2,2,9,9
pl5,2005235,8,5,6,3,0
pl5,2005236,5,3,7,7,4
pl5,2005237,6,0,0,3,4
pl5,2005238,4,6,3,5,6
pl5,2005239,3,4,6,9,5
pl5,2005240,5,1,7,4,4
pl5,2005241,8,3,2,7,7
pl5,2005242,2,8,9,2,9
pl5,2005243,9,4,9,4,7
pl5,2005244,8,9,4,3,2
pl5,2005245,8,2,7,0,2
pl5,2005246,5,9,7,1,9
pl5,2005247,3,1,0,9,4
pl5,2005248,4,8,1,9,3
pl5,2005249,5,2,1,7,3
pl5,2005250,0,3,7,2,3
pl5,2005251,8,1,8,1,5
pl5,2005252,0,8,5,5,0
pl5,2005253,4,4,2,3,2
pl5,2005254,3,0,2,0,6
pl5,2005255,9,5,9,0,9
pl5,2005256,5,3,9,1,5
pl5,2005257,0,2,6,7,4
pl5,2005258,9,7,6,3,7
pl5,2005259,9,7,1,8,7
pl5,2005260,4,8,9,2,2
pl5,2005261,6,1,4,6,4
pl5,2005262,2,4,0,8,0
pl5,2005263,8,4,6,1,7
pl5,2005264,8,0,7,5,1
pl5,2005265,6,9,6,9,2
pl5,2005266,1,0,7,5,0
pl5,2005267,5,8,4,5,7
pl5,2005268,8,5,5,3,4
pl5,2005269,3,2,7,4,3
pl5,2005270,9,0,9,0,2
pl5,2005271,5,6,6,4,8
pl5,2005272,9,8,1,0,5
pl5,2005273,7,2,6,8,3
pl5,2005274,5,2,6,9,1
pl5,2005275,4,7,0,3,0
pl5,2005276,8,6,2,9,1
pl5,2005277,0,7,5,0,9
pl5,2005278,6,9,2,4,3
pl5,2005279,2,5,4,0,7
pl5,2005280,8,9,9,8,8
pl5,2005281,5,7,6,3,3
pl5,2005282,5,4,9,0,4
pl5,2005283,1,8,4,2,2
pl5,2005284,3,8,0,8,4
pl5,2005285,6,5,4,8,3
pl5,2005286,8,5,3,2,6
pl5,2005287,7,8,7,4,8
pl5,2005288,4,8,7,5,4
pl5,2005289,3,0,4,8,2
pl5,2005290,8,0,3,0,8
pl5,2005291,3,7,1,2,1
pl5,2005292,4,3,6,1,9
pl5,2005293,0,4,0,3,1
pl5,2005294,8,2,0,7,4
pl5,2005295,8,9,3,2,8
pl5,2005296,7,1,6,9,0
pl5,2005297,3,1,9,1,9
pl5,2005298,6,0,8,9,3
pl5,2005299,7,5,6,1,8
pl5,2005300,9,6,6,6,8
pl5,2005301,6,3,5,4,7
pl5,2005302,7,4,7,6,8
pl5,2005303,5,7,6,7,8
pl5,2005304,8,6,3,2,0
pl5,2005305,5,7,8,8,3
pl5,2005306,3,9,0,5,4
pl5,2005307,9,6,8,6,8
pl5,2005308,1,2,9,8,3
pl5,2005309,5,2,4,6,8
pl5,2005310,0,1,5,1,5
pl5,2005311,4,5,0,6,3
pl5,2005312,7,5,6,8,4
pl5,2005313,7,2,8,2,3
pl5,2005314,8,6,0,7,9
pl5,2005315,6,7,0,5,7
pl5,2005316,7,4,1,8,0
pl5,2005317,8,4,6,4,4
pl5,2005318,0,6,9,4,4
pl5,2005319,8,2,4,0,4
pl5,2005320,0,8,4,4,1
pl5,2005321,8,0,5,3,6
pl5,2005322,2,7,4,2,4
pl5,2005323,3,3,9,5,7
pl5,2005324,5,7,8,8,8
pl5,2005325,4,7,2,3,2
pl5,2005326,5,0,8,7,7
pl5,2005327,7,3,5,1,8
pl5,2005328,4,6,3,9,5
pl5,2005329,1,1,7,5,4
pl5,2005330,1,4,9,7,0
pl5,2005331,7,9,0,1,5
pl5,2005332,1,8,7,5,1
pl5,2005333,3,4,1,0,3
pl5,2005334,6,7,2,4,4
pl5,2005335,7,8,1,9,1
pl5,2005336,6,9,3,8,1
pl5,2005337,4,6,1,8,4
pl5,2005338,2,3,6,5,6
pl5,2005339,4,4,0,4,6
pl5,2005340,6,7,8,5,8
pl5,2005341,3,0,2,4,6
pl5,2005342,3,8,5,1,6
pl5,2005343,8,7,6,9,2
pl5,2005344,9,4,9,9,9
pl5,2005345,7,8,6,6,6
pl5,2005346,2,9,2,5,2
pl5,2005347,1,7,2,4,9
pl5,2005348,3,2,3,2,8
pl5,2005349,4,9,2,3,5
pl5,2005350,2,3,7,6,3
pl5,2005351,2,3,9,2,5
pl5,2005352,5,6,2,9,5
pl5,2005353,0,9,5,2,4
pl5,2005354,0,1,4,9,9
pl5,2005355,0,1,2,4,5
pl5,2005356,4,3,9,4,6
pl5,2005357,4,1,5,1,5
pl5,2005358,3,9,7,6,0
pl5,2006001,1,8,4,4,9
pl5,2006002,2,9,9,0,7
pl5,2006003,0,1,2,0,8
pl5,2006004,9,4,0,2,4
pl5,2006005,1,8,5,6,0
pl5,2006006,5,9,8,2,3
pl5,2006007,5,6,1,6,3
pl5,2006008,4,8,9,3,0
pl5,2006009,8,0,3,0,4
pl5,2006010,5,3,8,1,2
pl5,2006011,7,5,5,1,1
pl5,2006012,6,5,2,6,1
pl5,2006013,7,7,7,0,4
pl5,2006014,6,7,8,3,4
pl5,2006015,4,4,6,0,3
pl5,2006016,5,1,9,1,5
pl5,2006017,9,2,5,4,8
pl5,2006018,9,1,6,8,9
pl5,2006019,1,9,9,3,7
pl5,2006020,7,1,0,9,5
pl5,2006021,4,3,8,1,0
pl5,2006022,1,6,4,5,2
pl5,2006023,2,1,5,7,0
pl5,2006024,1,6,3,6,5
pl5,2006025,7,0,7,8,5
pl5,2006026,9,9,8,9,3
pl5,2006027,4,0,4,3,5
pl5,2006028,5,4,7,0,6
pl5,2006029,7,0,6,1,9
pl5,2006030,0,8,6,5,5
pl5,2006031,6,7,5,1,4
pl5,2006032,6,9,9,2,6
pl5,2006033,5,4,9,6,1
pl5,2006034,4,6,5,4,8
pl5,2006035,6,4,7,8,1
pl5,2006036,1,5,4,4,5
pl5,2006037,2,3,6,5,0
pl5,2006038,3,7,4,3,5
pl5,2006039,5,8,7,9,2
pl5,2006040,8,7,6,9,5
pl5,2006041,8,5,3,2,6
pl5,2006042,0,2,8,1,2
pl5,2006043,4,4,5,4,5
pl5,2006044,0,2,6,0,3
pl5,2006045,1,8,7,8,2
pl5,2006046,5,6,8,7,4
pl5,2006047,6,9,4,2,0
pl5,2006048,5,6,4,8,7
pl5,2006049,4,8,9,9,0
pl5,2006050,8,7,4,4,6
pl5,2006051,8,7,3,9,6
pl5,2006052,5,0,1,3,6
pl5,2006053,6,9,8,7,1
pl5,2006054,9,0,9,7,5
pl5,2006055,1,4,0,9,5
pl5,2006056,8,9,8,9,1
pl5,2006057,7,9,1,2,1
pl5,2006058,6,0,0,3,8
pl5,2006059,9,9,0,3,8
pl5,2006060,0,6,2,6,1
pl5,2006061,2,2,4,2,9
pl5,2006062,7,6,1,0,0
pl5,2006063,4,5,8,8,5
pl5,2006064,9,8,3,2,7
pl5,2006065,9,2,1,5,4
pl5,2006066,9,6,7,1,2
pl5,2006067,1,4,9,2,5
pl5,2006068,0,0,3,4,6
pl5,2006069,0,8,2,5,9
pl5,2006070,4,1,5,3,8
pl5,2006071,2,0,2,7,8
pl5,2006072,4,2,0,7,5
pl5,2006073,2,0,3,9,6
pl5,2006074,2,9,2,4,3
pl5,2006075,8,4,4,2,4
pl5,2006076,2,2,4,6,6
pl5,2006077,2,0,1,5,0
pl5,2006078,2,8,6,8,2
pl5,2006079,7,1,4,4,3
pl5,2006080,5,4,4,2,5
pl5,2006081,4,3,4,3,0
pl5,2006082,6,7,1,2,9
pl5,2006083,9,7,2,9,8
pl5,2006084,2,7,6,9,3
pl5,2006085,4,9,5,9,8
pl5,2006086,1,6,2,8,9
pl5,2006087,9,4,7,5,0
pl5,2006088,6,4,2,4,1
pl5,2006089,4,9,2,1,3
pl5,2006090,8,7,7,6,7
pl5,2006091,5,3,3,3,0
pl5,2006092,4,4,4,6,2
pl5,2006093,8,2,4,7,4
pl5,2006094,0,1,0,9,7
pl5,2006095,3,0,4,3,6
pl5,2006096,2,7,5,0,9
pl5,2006097,9,3,8,2,9
pl5,2006098,6,6,0,1,3
pl5,2006099,8,2,6,5,0
pl5,2006100,4,5,1,8,8
pl5,2006101,4,3,0,0,9
pl5,2006102,2,6,0,1,2
pl5,2006103,2,2,3,8,9
pl5,2006104,6,1,6,8,4
pl5,2006105,5,1,9,9,8
pl5,2006106,5,3,3,9,9
pl5,2006107,1,9,0,4,8
pl5,2006108,6,9,6,9,0
pl5,2006109,3,0,8,7,2
pl5,2006110,4,3,7,1,9
pl5,2006111,2,1,8,1,6
pl5,2006112,4,9,9,3,3
pl5,2006113,6,0,1,4,6
pl5,2006114,9,9,7,8,4
pl5,2006115,2,5,9,4,5
pl5,2006116,3,3,2,6,2
pl5,2006117,9,9,9,3,4
pl5,2006118,8,9,0,2,9
pl5,2006119,9,0,0,7,9
pl5,2006120,3,3,2,2,8
pl5,2006121,5,7,5,1,1
pl5,2006122,5,2,0,8,0
pl5,2006123,2,4,9,1,4
pl5,2006124,2,6,1,7,2
pl5,2006125,3,1,5,1,6
pl5,2006126,2,3,8,9,4
pl5,2006127,1,0,3,4,9
pl5,2006128,6,4,0,0,3
pl5,2006129,9,2,9,4,1
pl5,2006130,8,0,8,0,7
pl5,2006131,1,6,5,2,6
pl5,2006132,0,9,3,8,2
pl5,2006133,9,8,9,7,1
pl5,2006134,0,7,3,3,5
pl5,2006135,7,4,5,5,0
pl5,2006136,3,9,1,0,1
pl5,2006137,7,3,3,7,7
pl5,2006138,0,8,7,0,3
pl5,2006139,1,7,2,0,6
pl5,2006140,8,3,0,2,3
pl5,2006141,9,7,4,6,7
pl5,2006142,2,6,6,2,9
pl5,2006143,1,0,4,2,3
pl5,2006144,1,5,1,5,1
pl5,2006145,5,8,8,7,1
pl5,2006146,8,3,4,3,8
pl5,2006147,7,3,3,6,3
pl5,2006148,7,6,0,1,8
pl5,2006149,0,1,9,2,8
pl5,2006150,0,4,9,5,5
pl5,2006151,1,8,1,7,7
pl5,2006152,8,1,4,5,6
pl5,2006153,9,5,0,9,3
pl5,2006154,9,4,8,7,5
pl5,2006155,7,5,9,2,2
pl5,2006156,6,7,8,2,9
pl5,2006157,0,3,8,4,4
pl5,2006158,6,2,3,2,5
pl5,2006159,5,3,9,2,9
pl5,2006160,9,8,6,8,5
pl5,2006161,9,7,6,8,9
pl5,2006162,2,4,2,7,3
pl5,2006163,9,9,4,7,0
pl5,2006164,5,3,4,8,8
pl5,2006165,3,9,7,1,0
pl5,2006166,3,7,3,6,2
pl5,2006167,9,6,4,1,0
pl5,2006168,2,1,1,7,7
pl5,2006169,7,9,4,3,9
pl5,2006170,3,0,5,6,3
pl5,2006171,2,4,6,9,7
pl5,2006172,6,8,7,6,6
pl5,2006173,0,1,9,3,7
pl5,2006174,4,5,4,4,5
pl5,2006175,0,0,1,5,9
pl5,2006176,7,7,2,4,0
pl5,2006177,9,4,5,8,5
pl5,2006178,4,6,5,9,2
pl5,2006179,4,9,9,0,1
pl5,2006180,5,9,3,6,7
pl5,2006181,9,5,9,0,4
pl5,2006182,2,1,7,0,4
pl5,2006183,4,6,5,5,7
pl5,2006184,3,4,0,1,2
pl5,2006185,7,0,0,6,8
pl5,2006186,4,6,9,5,9
pl5,2006187,7,1,3,7,4
pl5,2006188,9,9,5,0,1
pl5,2006189,3,3,4,6,8
pl5,2006190,4,1,9,4,2
pl5,2006191,2,9,3,9,5
pl5,2006192,3,0,0,7,8
pl5,2006193,7,4,8,3,8
pl5,2006194,1,1,6,9,2
pl5,2006195,9,1,8,6,5
pl5,2006196,8,4,8,5,3
pl5,2006197,9,4,9,8,3
pl5,2006198,1,6,5,5,5
pl5,2006199,0,2,9,0,5
pl5,2006200,9,2,8,6,5
pl5,2006201,7,2,4,9,1
pl5,2006202,8,9,1,8,2
pl5,2006203,4,5,1,9,5
pl5,2006204,8,7,2,0,4
pl5,2006205,4,8,1,0,4
pl5,2006206,4,7,1,1,3
pl5,2006207,9,3,7,4,9
pl5,2006208,3,6,8,3,4
pl5,2006209,5,6,2,4,9
pl5,2006210,2,5,7,3,3
pl5,2006211,5,5,2,6,5
pl5,2006212,9,3,4,8,8
pl5,2006213,4,2,1,6,1
pl5,2006214,3,4,0,3,2
pl5,2006215,5,2,7,5,4
pl5,2006216,8,3,6,1,8
pl5,2006217,3,5,3,2,0
pl5,2006218,7,2,1,5,0
pl5,2006219,5,5,4,3,7
pl5,2006220,5,4,6,4,2
pl5,2006221,7,5,1,6,3
pl5,2006222,2,5,5,9,2
pl5,2006223,7,6,0,1,3
pl5,2006224,7,0,8,5,7
pl5,2006225,8,9,3,0,1
pl5,2006226,6,0,8,6,2
pl5,2006227,6,3,3,9,6
pl5,2006228,6,1,2,2,7
pl5,2006229,2,6,6,5,5
pl5,2006230,2,6,7,4,0
pl5,2006231,0,6,8,4,3
pl5,2006232,1,6,2,6,2
pl5,2006233,7,1,4,4,7
pl5,2006234,4,5,7,8,5
pl5,2006235,7,3,2,2,2
pl5,2006236,1,6,9,2,2
pl5,2006237,7,9,3,8,3
pl5,2006238,1,6,6,2,2
pl5,2006239,5,3,6,1,1
pl5,2006240,2,2,8,0,8
pl5,2006241,4,3,2,8,0
pl5,2006242,7,8,9,8,0
pl5,2006243,4,9,8,8,1
pl5,2006244,2,2,2,4,8
pl5,2006245,0,8,0,7,9
pl5,2006246,9,8,9,3,2
pl5,2006247,5,2,8,2,1
pl5,2006248,8,9,5,2,6
pl5,2006249,1,6,6,5,0
pl5,2006250,9,5,9,3,1
pl5,2006251,6,5,6,5,2
pl5,2006252,1,1,5,4,7
pl5,2006253,9,7,8,5,5
pl5,2006254,2,9,3,1,8
pl5,2006255,4,7,9,1,4
pl5,2006256,9,9,8,6,3
pl5,2006257,5,0,8,1,5
pl5,2006258,8,6,0,6,6
pl5,2006259,6,2,8,9,9
pl5,2006260,6,5,9,7,9
pl5,2006261,7,3,5,9,6
pl5,2006262,9,1,7,2,6
pl5,2006263,8,8,6,3,9
pl5,2006264,6,5,6,3,6
pl5,2006265,2,2,8,8,7
pl5,2006266,2,7,2,8,7
pl5,2006267,2,6,5,9,1
pl5,2006268,6,3,8,4,4
pl5,2006269,0,1,0,9,1
pl5,2006270,3,1,7,4,8
pl5,2006271,9,4,4,1,4
pl5,2006272,5,1,7,3,8
pl5,2006273,3,7,3,7,7
pl5,2006274,9,0,8,9,0
pl5,2006275,7,7,2,8,9
pl5,2006276,1,1,0,7,5
pl5,2006277,9,0,7,9,3
pl5,2006278,2,1,6,8,8
pl5,2006279,9,5,1,1,7
pl5,2006280,8,0,8,8,7
pl5,2006281,2,6,3,8,1
pl5,2006282,4,3,3,3,9
pl5,2006283,0,2,3,3,9
pl5,2006284,2,7,9,1,5
pl5,2006285,8,5,7,4,3
pl5,2006286,5,6,4,6,0
pl5,2006287,4,4,7,7,7
pl5,2006288,1,4,5,3,5
pl5,2006289,7,8,1,4,0
pl5,2006290,2,0,8,1,3
pl5,2006291,4,3,9,7,5
pl5,2006292,3,3,8,4,4
pl5,2006293,0,6,0,9,6
pl5,2006294,4,3,7,2,6
pl5,2006295,3,3,1,6,7
pl5,2006296,6,0,9,6,6
pl5,2006297,6,0,0,0,7
pl5,2006298,9,7,2,0,7
pl5,2006299,9,5,6,3,3
pl5,2006300,2,1,4,4,5
pl5,2006301,1,9,9,8,1
pl5,2006302,6,3,5,5,3
pl5,2006303,7,7,2,4,3
pl5,2006304,9,9,1,0,2
pl5,2006305,2,5,9,1,9
pl5,2006306,6,6,1,7,0
pl5,2006307,2,7,8,5,7
pl5,2006308,8,7,1,0,3
pl5,2006309,8,3,4,6,9
pl5,2006310,9,9,9,2,7
pl5,2006311,3,0,5,7,7
pl5,2006312,3,1,0,1,8
pl5,2006313,8,3,0,1,9
pl5,2006314,7,2,4,2,3
pl5,2006315,0,4,1,7,9
pl5,2006316,1,3,3,6,4
pl5,2006317,8,4,5,2,6
pl5,2006318,6,1,9,8,6
pl5,2006319,6,5,5,6,8
pl5,2006320,3,4,9,9,2
pl5,2006321,4,6,8,3,2
pl5,2006322,6,6,4,6,9
pl5,2006323,7,3,6,6,5
pl5,2006324,8,1,5,6,6
pl5,2006325,1,4,3,5,1
pl5,2006326,9,7,7,9,8
pl5,2006327,3,7,5,1,9
pl5,2006328,1,6,9,3,6
pl5,2006329,8,9,6,6,1
pl5,2006330,7,7,4,4,2
pl5,2006331,0,9,0,7,7
pl5,2006332,0,2,0,4,8
pl5,2006333,7,6,7,0,4
pl5,2006334,8,9,3,3,1
pl5,2006335,6,5,9,7,0
pl5,2006336,4,5,6,1,0
pl5,2006337,1,2,6,4,0
pl5,2006338,9,4,0,2,1
pl5,2006339,0,6,3,7,2
pl5,2006340,5,3,1,3,7
pl5,2006341,6,6,4,3,0
pl5,2006342,7,4,6,3,2
pl5,2006343,1,8,3,3,8
pl5,2006344,7,1,2,0,5
pl5,2006345,0,3,0,9,8
pl5,2006346,5,6,6,3,4
pl5,2006347,1,8,4,6,3
pl5,2006348,1,1,4,0,9
pl5,2006349,7,3,5,8,2
pl5,2006350,6,9,8,1,8
pl5,2006351,1,1,7,0,8
pl5,2006352,6,9,1,3,4
pl5,2006353,5,1,3,9,6
pl5,2006354,3,3,4,1,2
pl5,2006355,9,1,4,3,0
pl5,2006356,6,7,8,1,9
pl5,2006357,5,8,4,8,2
pl5,2007001,0,3,8,2,3
pl5,2007002,0,6,0,7,1
pl5,2007003,8,3,9,1,6
pl5,2007004,1,6,3,0,5
pl5,2007005,0,9,1,4,7
pl5,2007006,8,3,5,3,7
pl5,2007007,5,4,1,2,6
pl5,2007008,4,1,6,1,3
pl5,2007009,2,9,2,8,0
pl5,2007010,4,5,3,2,3
pl5,2007011,2,6,1,1,6
pl5,2007012,4,0,5,3,6
pl5,2007013,2,5,2,9,4
pl5,2007014,0,4,7,4,5
pl5,2007015,9,7,7,0,3
pl5,2007016,8,7,8,7,3
pl5,2007017,4,8,5,7,9
pl5,2007018,2,0,4,2,6
pl5,2007019,2,1,9,3,0
pl5,2007020,1,5,1,5,5
pl5,2007021,7,5,7,4,9
pl5,2007022,8,9,6,4,0
pl5,2007023,7,1,6,6,0
pl5,2007024,9,5,5,5,6
pl5,2007025,3,1,9,3,6
pl5,2007026,2,6,0,9,4
pl5,2007027,3,4,9,2,4
pl5,2007028,1,1,9,6,9
pl5,2007029,3,9,9,7,9
pl5,2007030,2,8,1,4,4
pl5,2007031,7,0,4,0,6
pl5,2007032,9,6,1,8,0
pl5,2007033,8,7,5,3,3
pl5,2007034,4,9,4,1,9
pl5,2007035,7,6,4,2,7
pl5,2007036,0,3,2,7,2
pl5,2007037,5,0,7,6,3
pl5,2007038,2,0,3,5,6
pl5,2007039,0,2,5,2,1
pl5,2007040,9,4,8,2,5
pl5,2007041,3,3,5,1,6
pl5,2007042,1,9,9,9,4
pl5,2007043,9,4,7,1,5
pl5,2007044,9,8,8,5,9
pl5,2007045,0,0,0,2,6
pl5,2007046,5,6,4,7,0
pl5,2007047,3,7,7,5,8
pl5,2007048,5,7,2,4,0
pl5,2007049,7,6,0,3,9
pl5,2007050,1,6,3,4,2
pl5,2007051,2,6,5,0,9
pl5,2007052,7,3,3,2,9
pl5,2007053,8,0,2,8,5
pl5,2007054,8,4,7,5,1
pl5,2007055,0,1,7,2,5
pl5,2007056,2,7,8,6,3
pl5,2007057,9,5,5,9,2
pl5,2007058,8,8,7,3,5
pl5,2007059,5,2,8,4,8
pl5,2007060,3,6,8,7,3
pl5,2007061,7,8,7,2,4
pl5,2007062,3,2,7,6,0
pl5,2007063,3,6,5,3,5
pl5,2007064,3,3,0,1,8
pl5,2007065,2,6,8,6,3
pl5,2007066,6,8,3,8,9
pl5,2007067,4,9,9,1,9
pl5,2007068,1,0,3,3,6
pl5,2007069,5,3,1,7,3
pl5,2007070,4,4,1,2,2
pl5,2007071,9,8,4,9,5
pl5,2007072,0,1,0,0,1
pl5,2007073,5,6,4,6,4
pl5,2007074,9,0,6,4,5
pl5,2007075,5,1,5,7,8
pl5,2007076,3,1,6,8,1
pl5,2007077,7,6,1,8,3
pl5,2007078,7,3,7,8,3
pl5,2007079,1,9,5,7,3
pl5,2007080,8,5,6,9,2
pl5,2007081,4,9,1,0,6
pl5,2007082,0,4,4,9,7
pl5,2007083,9,0,3,9,9
pl5,2007084,0,2,0,5,3
pl5,2007085,8,7,8,5,0
pl5,2007086,0,2,8,2,8
pl5,2007087,7,3,8,4,0
pl5,2007088,8,9,4,1,8
pl5,2007089,5,7,7,7,2
pl5,2007090,6,2,4,5,8
pl5,2007091,1,7,0,0,1
pl5,2007092,4,1,7,2,3
pl5,2007093,9,7,1,3,6
pl5,2007094,0,5,1,8,3
pl5,2007095,9,3,7,0,3
pl5,2007096,9,6,7,9,9
pl5,2007097,5,3,2,1,3
pl5,2007098,6,7,9,2,8
pl5,2007099,4,0,5,1,7
pl5,2007100,9,4,1,2,8
pl5,2007101,3,4,9,6,8
pl5,2007102,4,8,5,2,9
pl5,2007103,4,4,1,1,7
pl5,2007104,7,5,4,8,7
pl5,2007105,9,9,9,4,2
pl5,2007106,8,4,5,6,0
pl5,2007107,6,9,1,5,5
pl5,2007108,4,9,7,9,9
pl5,2007109,3,9,5,2,0
pl5,2007110,7,8,6,3,4
pl5,2007111,7,6,2,7,0
pl5,2007112,7,3,4,7,0
pl5,2007113,1,8,3,1,0
pl5,2007114,7,8,6,8,3
pl5,2007115,1,6,7,4,6
pl5,2007116,2,7,2,6,7
pl5,2007117,3,7,8,7,1
pl5,2007118,9,7,1,0,8
pl5,2007119,9,6,7,7,2
pl5,2007120,5,3,4,1,4
pl5,2007121,0,0,6,6,0
pl5,2007122,5,2,0,1,3
pl5,2007123,5,2,5,2,3
pl5,2007124,7,7,9,0,2
pl5,2007125,1,6,3,4,5
pl5,2007126,0,7,5,9,8
pl5,2007127,9,0,9,8,8
pl5,2007128,6,9,9,9,5
pl5,2007129,9,4,5,8,8
pl5,2007130,1,1,1,5,8
pl5,2007131,5,7,5,2,5
pl5,2007132,6,8,4,4,3
pl5,2007133,8,3,9,6,8
pl5,2007134,0,9,7,1,2
pl5,2007135,5,9,5,5,3
pl5,2007136,8,5,8,2,7
pl5,2007137,9,6,4,6,6
pl5,2007138,0,4,7,3,5
pl5,2007139,3,2,8,9,7
pl5,2007140,0,3,6,0,2
pl5,2007141,8,8,4,0,6
pl5,2007142,6,6,9,9,2
pl5,2007143,1,3,9,2,8
pl5,2007144,9,1,2,4,3
pl5,2007145,0,6,0,1,8
pl5,2007146,9,1,0,2,4
pl5,2007147,9,7,6,2,3
pl5,2007148,2,4,6,2,1
pl5,2007149,3,7,8,4,4
pl5,2007150,8,7,3,0,3
pl5,2007151,6,7,6,5,1
pl5,2007152,9,5,1,1,7
pl5,2007153,1,8,1,3,4
pl5,2007154,8,5,1,2,6
pl5,2007155,6,8,2,5,9
pl5,2007156,7,7,5,7,7
pl5,2007157,0,0,0,2,5
pl5,2007158,8,9,1,7,2
pl5,2007159,5,3,9,1,4
pl5,2007160,8,7,8,6,5
pl5,2007161,5,6,7,6,1
pl5,2007162,5,5,4,3,1
pl5,2007163,6,5,8,0,7
pl5,2007164,7,3,8,0,5
pl5,2007165,9,4,6,7,0
pl5,2007166,7,9,5,8,6
pl5,2007167,8,0,0,7,7
pl5,2007168,0,6,4,5,4
pl5,2007169,3,3,8,7,3
pl5,2007170,2,0,0,8,6
pl5,2007171,8,9,0,8,0
pl5,2007172,5,1,7,6,1
pl5,2007173,9,8,1,7,5
pl5,2007174,3,8,4,6,4
pl5,2007175,4,4,6,8,0
pl5,2007176,1,7,4,2,2
pl5,2007177,7,2,6,6,0
pl5,2007178,4,9,1,6,1
pl5,2007179,8,2,5,1,7
pl5,2007180,6,8,0,5,8
pl5,2007181,8,4,9,2,4
pl5,2007182,6,0,4,4,5
pl5,2007183,9,0,3,5,8
pl5,2007184,5,7,4,5,6
pl5,2007185,5,8,1,4,5
pl5,2007186,0,0,0,1,6
pl5,2007187,8,6,7,8,7
pl5,2007188,5,8,9,5,7
pl5,2007189,1,8,4,2,5
pl5,2007190,6,1,6,1,2
pl5,2007191,9,5,9,5,2
pl5,2007192,1,0,6,2,7
pl5,2007193,9,5,1,0,5
pl5,2007194,1,4,1,2,4
pl5,2007195,5,6,6,0,8
pl5,2007196,5,6,5,0,6
pl5,2007197,7,1,3,2,8
pl5,2007198,2,8,2,6,8
pl5,2007199,4,4,9,0,7
pl5,2007200,7,6,6,3,3
pl5,2007201,0,8,5,2,2
pl5,2007202,8,6,8,5,7
pl5,2007203,1,3,1,9,1
pl5,2007204,9,8,1,7,7
pl5,2007205,5,3,3,2,2
pl5,2007206,5,1,8,2,0
pl5,2007207,9,2,3,6,5
pl5,2007208,6,4,3,8,4
pl5,2007209,3,8,9,1,5
pl5,2007210,0,6,1,7,6
pl5,2007211,1,8,8,9,1
pl5,2007212,2,4,4,8,7
pl5,2007213,8,9,9,3,1
pl5,2007214,9,4,4,9,5
pl5,2007215,8,8,4,2,7
pl5,2007216,1,7,6,2,6
pl5,2007217,5,0,3,7,9
pl5,2007218,3,9,7,4,8
pl5,2007219,5,6,9,1,7
pl5,2007220,4,7,9,3,3
pl5,2007221,2,1,1,0,6
pl5,2007222,7,1,2,7,3
pl5,2007223,4,2,7,3,7
pl5,2007224,4,3,6,0,4
pl5,2007225,8,0,1,4,5
pl5,2007226,2,5,9,4,3
pl5,2007227,2,0,1,7,5
pl5,2007228,2,9,1,2,5
pl5,2007229,0,2,2,6,2
pl5,2007230,9,4,7,5,1
pl5,2007231,1,3,9,6,0
pl5,2007232,8,3,3,6,7
pl5,2007233,8,3,2,9,2
pl5,2007234,6,3,8,6,7
pl5,2007235,8,9,3,9,6
pl5,2007236,6,8,9,2,5
pl5,2007237,4,3,8,9,1
pl5,2007238,0,7,8,5,8
pl5,2007239,8,4,6,2,8
pl5,2007240,4,6,1,9,5
pl5,2007241,5,3,2,1,1
pl5,2007242,8,2,0,9,1
pl5,2007243,7,1,9,0,3
pl5,2007244,3,3,3,6,8
pl5,2007245,9,4,6,2,4
pl5,2007246,2,5,2,6,6
pl5,2007247,8,5,4,8,2
pl5,2007248,2,5,1,5,1
pl5,2007249,0,5,1,8,4
pl5,2007250,0,2,8,0,6
pl5,2007251,6,0,2,5,9
pl5,2007252,0,2,9,4,3
pl5,2007253,5,3,3,8,2
pl5,2007254,6,3,0,1,7
pl5,2007255,4,8,8,5,1
pl5,2007256,2,2,1,2,2
pl5,2007257,1,4,4,3,1
pl5,2007258,5,4,3,3,2
pl5,2007259,1,5,4,6,5
pl5,2007260,9,7,9,0,6
pl5,2007261,9,1,2,4,3
pl5,2007262,0,4,9,4,1
pl5,2007263,2,3,1,4,8
pl5,2007264,7,9,6,7,5
pl5,2007265,2,3,2,4,5
pl5,2007266,8,0,6,3,1
pl5,2007267,5,9,8,7,1
pl5,2007268,6,3,9,2,2
pl5,2007269,8,3,3,0,3
pl5,2007270,8,5,2,9,9
pl5,2007271,2,9,5,1,9
pl5,2007272,7,9,2,9,2
pl5,2007273,8,5,4,4,3
pl5,2007274,4,3,5,9,6
pl5,2007275,3,6,1,7,5
pl5,2007276,4,9,4,8,1
pl5,2007277,2,5,4,0,6
pl5,2007278,5,6,3,8,9
pl5,2007279,8,9,6,1,1
pl5,2007280,8,6,4,4,0
pl5,2007281,4,0,3,6,4
pl5,2007282,9,0,4,5,8
pl5,2007283,2,1,0,9,2
pl5,2007284,7,5,9,6,3
pl5,2007285,4,0,7,6,5
pl5,2007286,6,1,9,4,8
pl5,2007287,3,7,4,0,2
pl5,2007288,9,2,7,4,7
pl5,2007289,7,9,4,1,6
pl5,2007290,4,5,3,8,5
pl5,2007291,4,4,1,7,4
pl5,2007292,5,6,9,4,4
pl5,2007293,4,7,4,2,5
pl5,2007294,5,6,3,9,3
pl5,2007295,3,1,1,9,2
pl5,2007296,9,4,5,8,0
pl5,2007297,9,7,1,9,6
pl5,2007298,2,6,8,6,6
pl5,2007299,4,9,4,6,7
pl5,2007300,3,5,7,5,2
pl5,2007301,8,2,4,4,1
pl5,2007302,4,9,1,0,2
pl5,2007303,9,8,0,6,5
pl5,2007304,4,0,2,4,2
pl5,2007305,7,9,8,6,9
pl5,2007306,0,5,3,2,1
pl5,2007307,6,1,0,8,2
pl5,2007308,0,8,7,8,0
pl5,2007309,8,8,4,8,3
pl5,2007310,7,5,9,3,4
pl5,2007311,3,4,7,1,4
pl5,2007312,0,5,3,5,3
pl5,2007313,6,3,3,9,5
pl5,2007314,1,7,4,7,5
pl5,2007315,2,0,1,5,1
pl5,2007316,6,0,7,2,6
pl5,2007317,7,8,7,2,7
pl5,2007318,0,9,1,4,7
pl5,2007319,0,5,3,9,1
pl5,2007320,7,9,4,6,0
pl5,2007321,8,5,8,9,1
pl5,2007322,8,8,3,0,2
pl5,2007323,6,9,4,1,5
pl5,2007324,0,5,1,1,2
pl5,2007325,8,1,9,3,0
pl5,2007326,5,6,6,6,3
pl5,2007327,4,3,8,1,4
pl5,2007328,9,4,0,4,5
pl5,2007329,2,7,3,7,1
pl5,2007330,0,1,5,0,8
pl5,2007331,1,5,3,1,8
pl5,2007332,6,6,4,7,0
pl5,2007333,9,1,4,1,1
pl5,2007334,7,7,3,8,6
pl5,2007335,5,2,3,0,3
pl5,2007336,7,7,4,2,7
pl5,2007337,2,7,6,2,6
pl5,2007338,5,8,5,4,4
pl5,2007339,0,4,8,9,2
pl5,2007340,4,1,6,8,4
pl5,2007341,0,3,2,3,0
pl5,2007342,0,6,8,0,0
pl5,2007343,4,9,2,2,4
pl5,2007344,7,5,7,6,5
pl5,2007345,5,9,6,7,5
pl5,2007346,0,8,0,4,9
pl5,2007347,3,1,0,1,2
pl5,2007348,4,1,8,5,9
pl5,2007349,4,7,7,3,9
pl5,2007350,1,6,4,6,4
pl5,2007351,0,2,8,1,6
pl5,2007352,1,4,7,5,6
pl5,2007353,0,0,5,1,3
pl5,2007354,0,6,5,5,7
pl5,2007355,6,3,4,6,4
pl5,2007356,2,1,5,4,1
pl5,2007357,3,1,7,4,6
pl5,2008001,6,5,9,5,5
pl5,2008002,8,7,0,1,0
pl5,2008003,8,3,8,9,9
pl5,2008004,3,5,9,1,8
pl5,2008005,3,1,4,9,2
pl5,2008006,2,8,2,1,6
pl5,2008007,0,8,9,9,5
pl5,2008008,8,0,3,0,7
pl5,2008009,0,8,1,5,2
pl5,2008010,2,8,4,4,6
pl5,2008011,5,0,6,7,8
pl5,2008012,6,3,0,7,5
pl5,2008013,0,0,4,3,4
pl5,2008014,1,6,3,7,1
pl5,2008015,4,7,5,7,7
pl5,2008016,7,8,9,4,5
pl5,2008017,0,6,5,9,3
pl5,2008018,1,5,5,4,0
pl5,2008019,6,4,9,4,2
pl5,2008020,7,8,6,0,9
pl5,2008021,1,1,9,2,5
pl5,2008022,6,5,4,3,4
pl5,2008023,0,8,8,8,4
pl5,2008024,0,1,2,5,9
pl5,2008025,6,3,0,5,7
pl5,2008026,8,0,6,0,5
pl5,2008027,0,2,6,9,7
pl5,2008028,9,9,0,4,6
pl5,2008029,3,2,0,1,4
pl5,2008030,3,1,4,0,0
pl5,2008031,5,3,5,3,4
pl5,2008032,8,2,7,3,8
pl5,2008033,5,2,0,6,3
pl5,2008034,8,3,5,7,6
pl5,2008035,9,1,3,9,3
pl5,2008036,5,4,1,9,5
pl5,2008037,8,0,6,2,0
pl5,2008038,6,5,3,3,8
pl5,2008039,4,5,8,8,7
pl5,2008040,8,0,4,4,7
pl5,2008041,6,6,1,1,7
pl5,2008042,6,1,2,9,9
pl5,2008043,1,1,1,8,5
pl5,2008044,1,2,1,4,0
pl5,2008045,6,6,6,8,4
pl5,2008046,8,0,5,7,2
pl5,2008047,2,2,7,2,2
pl5,2008048,8,0,5,6,6
pl5,2008049,5,2,3,7,7
pl5,2008050,3,3,2,5,7
pl5,2008051,2,3,9,5,6
pl5,2008052,2,8,0,1,1
pl5,2008053,5,0,7,5,5
pl5,2008054,9,3,2,6,5
pl5,2008055,4,0,0,7,2
pl5,2008056,6,7,1,6,5
pl5,2008057,3,2,0,8,0
pl5,2008058,6,7,7,6,3
pl5,2008059,4,5,7,0,9
pl5,2008060,6,3,6,1,6
pl5,2008061,4,3,8,8,7
pl5,2008062,4,1,3,4,2
pl5,2008063,8,3,0,9,6
pl5,2008064,6,4,8,5,3
pl5,2008065,3,6,6,5,5
pl5,2008066,1,9,5,8,9
pl5,2008067,9,2,1,4,4
pl5,2008068,5,4,2,5,6
pl5,2008069,6,0,8,1,6
pl5,2008070,7,3,8,1,2
pl5,2008071,3,4,6,8,8
pl5,2008072,5,0,2,9,9
pl5,2008073,8,2,4,7,1
pl5,2008074,3,8,1,0,7
pl5,2008075,5,9,7,8,8
pl5,2008076,8,2,6,4,3
pl5,2008077,6,7,4,9,0
pl5,2008078,6,1,9,5,8
pl5,2008079,7,3,7,5,5
pl5,2008080,8,5,3,6,4
pl5,2008081,7,9,8,8,8
pl5,2008082,4,6,7,4,5
pl5,2008083,9,0,9,4,3
pl5,2008084,3,9,7,6,9
pl5,2008085,0,1,0,4,1
pl5,2008086,3,9,1,9,5
pl5,2008087,7,2,6,4,8
pl5,2008088,4,5,6,4,7
pl5,2008089,0,5,4,1,7
pl5,2008090,3,1,8,6,0
pl5,2008091,6,4,0,2,0
pl5,2008092,9,8,3,4,5
pl5,2008093,6,8,8,1,9
pl5,2008094,5,9,9,9,2
pl5,2008095,0,6,3,8,1
pl5,2008096,4,7,0,3,3
pl5,2008097,9,2,1,6,2
pl5,2008098,5,6,7,6,3
pl5,2008099,9,5,2,5,6
pl5,2008100,7,5,7,5,1
pl5,2008101,2,3,6,1,3
pl5,2008102,5,1,1,7,0
pl5,2008103,2,6,2,3,9
pl5,2008104,1,1,5,4,9
pl5,2008105,5,2,5,2,5
pl5,2008106,0,9,0,5,9
pl5,2008107,3,5,0,1,6
pl5,2008108,5,6,2,2,2
pl5,2008109,5,1,8,7,8
pl5,2008110,3,9,3,3,4
pl5,2008111,8,9,1,2,9
pl5,2008112,4,7,6,8,3
pl5,2008113,1,1,2,6,9
pl5,2008114,2,4,6,5,1
pl5,2008115,8,8,8,9,4
pl5,2008116,6,9,5,9,1
pl5,2008117,9,9,9,6,5
pl5,2008118,1,7,7,6,5
pl5,2008119,8,7,4,9,1
pl5,2008120,7,5,4,6,1
pl5,2008121,1,1,8,5,1
pl5,2008122,3,1,3,9,1
pl5,2008123,8,3,4,8,4
pl5,2008124,1,0,9,0,8
pl5,2008125,2,8,8,6,0
pl5,2008126,2,9,4,2,1
pl5,2008127,8,6,1,7,8
pl5,2008128,4,9,5,1,2
pl5,2008129,8,6,0,8,7
pl5,2008130,8,0,8,0,0
pl5,2008131,6,4,3,9,4
pl5,2008132,2,5,4,0,3
pl5,2008133,2,8,6,2,1
pl5,2008134,5,4,2,9,1
pl5,2008135,9,6,4,9,8
pl5,2008136,4,6,7,2,9
pl5,2008137,0,6,2,1,8
pl5,2008138,8,4,1,3,5
pl5,2008139,7,5,9,4,1
pl5,2008140,4,1,4,6,2
pl5,2008141,5,1,6,4,8
pl5,2008142,6,7,2,4,5
pl5,2008143,8,5,8,0,8
pl5,2008144,1,8,6,3,1
pl5,2008145,0,2,4,9,8
pl5,2008146,1,4,2,5,1
pl5,2008147,8,9,7,3,1
pl5,2008148,2,9,4,1,1
pl5,2008149,9,1,6,0,3
pl5,2008150,5,8,4,8,5
pl5,2008151,6,7,3,0,9
pl5,2008152,8,2,4,9,4
pl5,2008153,6,6,6,9,4
pl5,2008154,9,1,0,0,3
pl5,2008155,3,5,7,2,8
pl5,2008156,0,7,2,3,4
pl5,2008157,7,4,9,8,4
pl5,2008158,8,0,5,2,9
pl5,2008159,6,0,4,8,9
pl5,2008160,7,4,9,8,8
pl5,2008161,7,6,7,5,7
pl5,2008162,6,7,4,1,5
pl5,2008163,3,0,7,9,2
pl5,2008164,1,8,2,5,5
pl5,2008165,2,3,0,1,0
pl5,2008166,8,8,0,4,4
pl5,2008167,4,6,2,0,6
pl5,2008168,6,3,4,4,5
pl5,2008169,9,9,7,2,2
pl5,2008170,4,4,2,6,1
pl5,2008171,7,3,2,5,2
pl5,2008172,3,8,2,6,9
pl5,2008173,6,1,5,8,6
pl5,2008174,8,8,7,0,4
pl5,2008175,5,1,6,9,2
pl5,2008176,5,4,2,6,5
pl5,2008177,1,0,4,7,3
pl5,2008178,3,4,4,8,2
pl5,2008179,1,2,2,2,7
pl5,2008180,4,1,1,2,3
pl5,2008181,3,9,3,7,5
pl5,2008182,0,8,2,9,1
pl5,2008183,3,6,9,7,8
pl5,2008184,8,4,0,5,3
pl5,2008185,0,6,4,2,6
pl5,2008186,8,7,6,1,4
pl5,2008187,9,0,5,6,5
pl5,2008188,5,9,5,8,0
pl5,2008189,0,8,5,9,9
pl5,2008190,8,6,2,1,9
pl5,2008191,1,3,4,6,5
pl5,2008192,8,6,7,8,1
pl5,2008193,6,0,8,4,4
pl5,2008194,3,1,2,0,6
pl5,2008195,2,8,2,9,4
pl5,2008196,8,6,1,0,3
pl5,2008197,3,5,7,5,1
pl5,2008198,0,6,8,6,5
pl5,2008199,4,8,1,2,6
pl5,2008200,2,0,4,2,8
pl5,2008201,7,4,3,2,5
pl5,2008202,1,9,8,6,9
pl5,2008203,7,9,9,4,8
pl5,2008204,6,7,6,5,7
pl5,2008205,0,5,6,5,4
pl5,2008206,4,8,0,1,9
pl5,2008207,0,6,0,4,3
pl5,2008208,3,5,6,2,9
pl5,2008209,6,1,9,3,5
pl5,2008210,0,0,3,9,7
pl5,2008211,1,9,4,2,3
pl5,2008212,8,9,4,3,4
pl5,2008213,8,6,0,8,0
pl5,2008214,1,4,4,6,8
pl5,2008215,7,3,5,3,0
pl5,2008216,9,3,8,0,2
pl5,2008217,0,5,4,3,9
pl5,2008218,1,6,1,6,5
pl5,2008219,4,9,2,1,5
pl5,2008220,4,8,4,4,9
pl5,2008221,3,9,8,9,6
pl5,2008222,1,0,8,1,7
pl5,2008223,9,9,6,7,6
pl5,2008224,6,3,2,8,0
pl5,2008225,3,5,4,4,3
pl5,2008226,9,8,2,2,4
pl5,2008227,5,8,7,2,2
pl5,2008228,7,5,9,5,5
pl5,2008229,1,9,4,0,5
pl5,2008230,6,3,2,8,8
pl5,2008231,6,3,5,7,8
pl5,2008232,8,4,0,1,9
pl5,2008233,0,2,6,7,9
pl5,2008234,8,0,0,6,1
pl5,2008235,3,7,2,6,9
pl5,2008236,7,9,6,5,5
pl5,2008237,1,1,4,7,9
pl5,2008238,2,5,9,5,8
pl5,2008239,4,4,3,2,5
pl5,2008240,3,0,0,5,3
pl5,2008241,5,6,9,0,4
pl5,2008242,3,8,4,6,9
pl5,2008243,9,3,9,0,8
pl5,2008244,2,1,3,8,6
pl5,2008245,7,7,0,1,3
pl5,2008246,7,1,6,1,8
pl5,2008247,3,6,0,2,4
pl5,2008248,2,5,1,6,7
pl5,2008249,1,5,7,2,7
pl5,2008250,1,8,0,4,7
pl5,2008251,5,9,6,3,5
pl5,2008252,5,1,8,2,8
pl5,2008253,2,0,5,6,4
pl5,2008254,4,3,0,2,9
pl5,2008255,4,7,8,8,5
pl5,2008256,9,2,5,4,0
pl5,2008257,7,5,7,5,1
pl5,2008258,8,2,6,2,2
pl5,2008259,5,8,5,6,8
pl5,2008260,2,7,6,7,1
pl5,2008261,0,1,0,1,0
pl5,2008262,5,8,9,5,6
pl5,2008263,0,4,0,6,1
pl5,2008264,5,3,3,5,4
pl5,2008265,7,2,8,1,3
pl5,2008266,9,3,7,6,9
pl5,2008267,8,5,1,9,7
pl5,2008268,5,9,5,7,0
pl5,2008269,1,1,9,6,8
pl5,2008270,0,4,4,4,2
pl5,2008271,3,5,0,2,0
pl5,2008272,9,3,9,2,7
pl5,2008273,0,7,7,2,8
pl5,2008274,0,2,7,1,8
pl5,2008275,1,2,2,6,2
pl5,2008276,0,2,7,8,2
pl5,2008277,6,2,1,1,3
pl5,2008278,7,9,3,9,8
pl5,2008279,8,9,4,2,2
pl5,2008280,6,5,9,6,0
pl5,2008281,2,1,2,5,8
pl5,2008282,1,5,0,6,7
pl5,2008283,8,0,6,1,7
pl5,2008284,8,5,4,2,7
pl5,2008285,3,4,3,3,3
pl5,2008286,5,1,9,5,6
pl5,2008287,6,7,1,3,7
pl5,2008288,4,3,2,0,4
pl5,2008289,1,4,1,6,4
pl5,2008290,3,3,6,0,8
pl5,2008291,4,9,7,1,9
pl5,2008292,8,4,5,8,1
pl5,2008293,0,9,9,9,2
pl5,2008294,0,9,7,3,4
pl5,2008295,9,4,4,5,6
pl5,2008296,7,6,6,8,8
pl5,2008297,9,4,1,1,8
pl5,2008298,7,2,6,4,2
pl5,2008299,0,7,8,0,5
pl5,2008300,6,8,8,4,5
pl5,2008301,0,2,0,9,5
pl5,2008302,9,0,7,9,0
pl5,2008303,3,9,3,2,1
pl5,2008304,9,7,6,8,7
pl5,2008305,0,1,0,2,8
pl5,2008306,4,8,9,9,0
pl5,2008307,4,5,3,0,0
pl5,2008308,7,4,6,4,2
pl5,2008309,2,5,0,9,2
pl5,2008310,7,9,3,4,0
pl5,2008311,0,7,1,9,2
pl5,2008312,6,3,6,5,1
pl5,2008313,9,7,1,4,7
pl5,2008314,4,4,7,7,2
pl5,2008315,8,8,7,1,5
pl5,2008316,8,4,5,6,5
pl5,2008317,3,8,1,7,0
pl5,2008318,8,0,3,5,3
pl5,2008319,8,8,1,8,4
pl5,2008320,7,4,3,4,6
pl5,2008321,9,9,1,2,6
pl5,2008322,2,3,5,9,6
pl5,2008323,4,6,1,5,7
pl5,2008324,5,4,9,2,8
pl5,2008325,0,8,7,6,8
pl5,2008326,8,0,7,6,7
pl5,2008327,5,5,3,7,9
pl5,2008328,2,0,5,9,7
pl5,2008329,4,2,2,7,3
pl5,2008330,1,7,8,4,8
pl5,2008331,3,7,6,3,7
pl5,2008332,9,0,0,4,5
pl5,2008333,8,8,5,4,2
pl5,2008334,0,7,8,9,4
pl5,2008335,6,2,8,7,9
pl5,2008336,2,9,8,5,2
pl5,2008337,0,1,7,8,4
pl5,2008338,9,9,9,2,9
pl5,2008339,4,5,2,3,5
pl5,2008340,5,6,8,9,2
pl5,2008341,3,5,1,7,9
pl5,2008342,0,0,1,7,1
pl5,2008343,6,1,4,4,9
pl5,2008344,0,7,0,3,2
pl5,2008345,9,2,3,9,1
pl5,2008346,5,5,9,6,1
pl5,2008347,7,9,0,6,3
pl5,2008348,4,1,3,3,2
pl5,2008349,0,8,3,3,9
pl5,2008350,5,5,9,7,9
pl5,2008351,1,6,3,3,4
pl5,2008352,5,7,5,2,8
pl5,2008353,3,7,5,3,1
pl5,2008354,4,7,4,5,0
pl5,2008355,4,8,7,7,3
pl5,2008356,7,1,5,5,2
pl5,2008357,2,8,3,4,5
pl5,2008358,6,9,4,5,9
pl5,2008359,2,1,0,6,9
pl5,2009001,3,2,5,0,4
pl5,2009002,6,1,4,4,4
pl5,2009003,4,8,8,7,7
pl5,2009004,5,0,2,1,0
pl5,2009005,5,2,1,8,4
pl5,2009006,6,5,9,1,8
pl5,2009007,3,4,1,4,7
pl5,2009008,2,4,3,0,3
pl5,2009009,6,6,9,9,7
pl5,2009010,8,6,2,2,9
pl5,2009011,6,5,6,9,5
pl5,2009012,9,6,1,8,3
pl5,2009013,5,5,1,8,4
pl5,2009014,2,9,9,7,2
pl5,2009015,2,7,1,9,7
pl5,2009016,9,7,7,2,4
pl5,2009017,3,5,5,8,7
pl5,2009018,8,8,6,5,6
pl5,2009019,8,3,0,3,1
pl5,2009020,4,6,1,4,3
pl5,2009021,7,0,0,6,8
pl5,2009022,9,1,4,9,6
pl5,2009023,6,6,2,9,8
pl5,2009024,5,1,8,4,7
pl5,2009025,2,7,8,7,2
pl5,2009026,6,6,9,9,1
pl5,2009027,5,8,5,8,0
pl5,2009028,3,3,5,6,9
pl5,2009029,4,7,0,6,6
pl5,2009030,1,0,3,6,8
pl5,2009031,5,4,3,2,2
pl5,2009032,9,8,1,6,0
pl5,2009033,4,7,2,6,8
pl5,2009034,2,3,5,1,1
pl5,2009035,8,1,4,1,6
pl5,2009036,0,3,2,4,3
pl5,2009037,9,0,4,5,6
pl5,2009038,6,3,5,0,8
pl5,2009039,8,4,5,0,3
pl5,2009040,7,3,6,0,5
pl5,2009041,6,7,9,5,0
pl5,2009042,3,1,3,0,2
pl5,2009043,6,2,6,6,0
pl5,2009044,7,3,3,2,7
pl5,2009045,7,7,4,5,4
pl5,2009046,8,0,2,4,2
pl5,2009047,7,1,3,1,7
pl5,2009048,1,3,6,4,1
pl5,2009049,3,7,3,6,7
pl5,2009050,6,9,8,5,4
pl5,2009051,1,0,8,7,7
pl5,2009052,9,2,6,7,8
pl5,2009053,6,2,2,9,5
pl5,2009054,5,4,9,3,2
pl5,2009055,0,4,5,4,1
pl5,2009056,7,9,7,4,0
pl5,2009057,3,8,1,1,7
pl5,2009058,4,3,7,9,4
pl5,2009059,2,1,0,7,3
pl5,2009060,4,1,1,9,7
pl5,2009061,8,0,4,3,5
pl5,2009062,6,7,5,4,7
pl5,2009063,1,5,9,5,2
pl5,2009064,4,6,6,4,7
pl5,2009065,4,5,5,2,1
pl5,2009066,4,7,1,6,7
pl5,2009067,6,9,0,7,7
pl5,2009068,4,1,5,6,3
pl5,2009069,3,2,0,1,4
pl5,2009070,8,4,3,2,4
pl5,2009071,5,0,2,3,0
pl5,2009072,4,7,9,1,2
pl5,2009073,5,4,7,3,9
pl5,2009074,1,6,1,7,6
pl5,2009075,5,2,8,1,9
pl5,2009076,3,7,6,6,8
pl5,2009077,8,5,6,4,5
pl5,2009078,4,9,3,8,4
pl5,2009079,3,2,8,0,3
pl5,2009080,7,9,9,6,4
pl5,2009081,2,8,3,9,0
pl5,2009082,0,3,8,6,8
pl5,2009083,5,0,9,1,4
pl5,2009084,5,7,8,3,0
pl5,2009085,1,9,8,6,4
pl5,2009086,8,0,6,8,3
pl5,2009087,5,0,0,8,4
pl5,2009088,8,0,9,4,2
pl5,2009089,7,8,4,3,6
pl5,2009090,2,1,4,3,7
pl5,2009091,6,1,2,4,5
pl5,2009092,9,2,0,4,6
pl5,2009093,8,8,0,0,5
pl5,2009094,7,9,9,7,9
pl5,2009095,3,0,1,4,2
pl5,2009096,3,5,1,1,2
pl5,2009097,5,9,1,2,6
pl5,2009098,8,6,7,3,5
pl5,2009099,7,6,2,6,3
pl5,2009100,3,3,5,4,4
pl5,2009101,3,7,0,3,1
pl5,2009102,8,9,2,4,6
pl5,2009103,3,9,3,1,4
pl5,2009104,4,7,3,6,5
pl5,2009105,9,5,6,4,2
pl5,2009106,2,0,3,5,0
pl5,2009107,0,4,6,7,2
pl5,2009108,4,0,8,0,0
pl5,2009109,2,4,0,9,8
pl5,2009110,9,4,4,2,7
pl5,2009111,6,7,2,8,5
pl5,2009112,4,2,2,1,7
pl5,2009113,1,7,4,8,6
pl5,2009114,3,0,1,1,5
pl5,2009115,7,9,2,2,9
pl5,2009116,3,3,0,6,3
pl5,2009117,1,9,8,6,8
pl5,2009118,7,6,3,3,4
pl5,2009119,9,6,1,1,8
pl5,2009120,1,0,7,8,7
pl5,2009121,8,8,0,3,5
pl5,2009122,3,5,5,2,5
pl5,2009123,0,7,9,7,5
pl5,2009124,9,4,5,0,7
pl5,2009125,6,3,1,4,1
pl5,2009126,3,0,6,9,8
pl5,2009127,9,9,8,8,2
pl5,2009128,5,1,5,0,6
pl5,2009129,7,1,7,2,0
pl5,2009130,0,6,2,0,5
pl5,2009131,7,5,7,0,9
pl5,2009132,9,9,0,1,5
pl5,2009133,7,5,0,9,7
pl5,2009134,4,4,0,3,2
pl5,2009135,2,0,5,0,0
pl5,2009136,7,8,5,9,7
pl5,2009137,3,1,7,7,4
pl5,2009138,6,3,3,6,3
pl5,2009139,4,2,9,8,1
pl5,2009140,2,8,1,8,1
pl5,2009141,6,0,6,0,4
pl5,2009142,1,4,7,8,9
pl5,2009143,6,1,6,9,8
pl5,2009144,9,7,3,5,5
pl5,2009145,1,8,0,3,4
pl5,2009146,1,8,3,4,9
pl5,2009147,7,4,1,2,7
pl5,2009148,3,4,1,8,2
pl5,2009149,6,2,3,6,9
pl5,2009150,0,0,4,8,2
pl5,2009151,4,9,6,2,3
pl5,2009152,6,3,8,8,2
pl5,2009153,6,9,8,5,6
pl5,2009154,3,2,5,8,8
pl5,2009155,2,0,6,9,7
pl5,2009156,9,0,6,0,3
pl5,2009157,0,6,0,1,7
pl5,2009158,1,4,8,5,8
pl5,2009159,3,8,0,1,1
pl5,2009160,6,2,2,4,7
pl5,2009161,1,8,6,9,3
pl5,2009162,6,7,4,3,7
pl5,2009163,1,2,0,5,7
pl5,2009164,5,5,2,0,2
pl5,2009165,1,6,8,4,6
pl5,2009166,9,3,2,5,6
pl5,2009167,5,2,6,9,7
pl5,2009168,1,0,8,3,6
pl5,2009169,3,7,5,8,0
pl5,2009170,5,4,5,4,3
pl5,2009171,8,1,4,1,9
pl5,2009172,9,4,0,4,7
pl5,2009173,8,1,8,7,6
pl5,2009174,6,8,5,0,4
pl5,2009175,2,0,0,9,7
pl5,2009176,5,1,2,7,1
pl5,2009177,2,2,0,9,0
pl5,2009178,9,9,3,0,1
pl5,2009179,6,3,4,9,7
pl5,2009180,9,0,6,6,6
pl5,2009181,0,6,9,2,2
pl5,2009182,8,9,8,3,9
pl5,2009183,7,5,9,2,7
pl5,2009184,9,0,5,3,7
pl5,2009185,9,0,6,6,1
pl5,2009186,7,6,7,0,7
pl5,2009187,6,2,8,7,1
pl5,2009188,8,5,3,6,6
pl5,2009189,5,7,4,5,4
pl5,2009190,4,5,1,1,3
pl5,2009191,3,2,0,6,0
pl5,2009192,9,3,7,0,3
pl5,2009193,4,2,7,8,2
pl5,2009194,5,6,1,5,7
pl5,2009195,1,4,7,2,7
pl5,2009196,4,3,9,5,7
pl5,2009197,9,4,1,2,7
pl5,2009198,3,5,1,9,4
pl5,2009199,3,7,2,2,9
pl5,2009200,7,1,1,7,4
pl5,2009201,0,1,5,9,7
pl5,2009202,2,0,4,7,3
pl5,2009203,3,0,6,3,7
pl5,2009204,1,2,9,2,7
pl5,2009205,5,8,3,4,0
pl5,2009206,3,6,0,9,6
pl5,2009207,5,5,0,2,1
pl5,2009208,2,5,6,9,0
pl5,2009209,3,7,6,2,1
pl5,2009210,0,1,3,2,7
pl5,2009211,4,1,5,9,7
pl5,2009212,4,8,2,2,6
pl5,2009213,6,4,1,6,9
pl5,2009214,5,0,2,8,5
pl5,2009215,8,7,3,5,2
pl5,2009216,1,8,3,8,5
pl5,2009217,9,9,0,0,4
pl5,2009218,8,4,8,5,4
pl5,2009219,5,3,4,9,1
pl5,2009220,4,1,6,2,2
pl5,2009221,8,2,2,9,7
pl5,2009222,5,5,7,2,0
pl5,2009223,2,0,2,3,5
pl5,2009224,9,6,7,9,5
pl5,2009225,4,4,7,8,7
pl5,2009226,4,6,8,6,7
pl5,2009227,0,8,7,4,3
pl5,2009228,6,0,8,8,6
pl5,2009229,9,1,3,9,1
pl5,2009230,3,2,3,3,0
pl5,2009231,9,4,7,2,8
pl5,2009232,5,4,8,0,1
pl5,2009233,7,3,8,0,8
pl5,2009234,7,3,4,4,7
pl5,2009235,7,0,8,8,0
pl5,2009236,4,5,1,6,9
pl5,2009237,4,8,9,5,2
pl5,2009238,3,6,2,7,0
pl5,2009239,7,6,5,6,5
pl5,2009240,3,7,8,9,5
pl5,2009241,9,8,2,3,2
pl5,2009242,8,8,4,3,3
pl5,2009243,9,0,3,8,1
pl5,2009244,6,4,7,5,0
pl5,2009245,1,5,3,5,8
pl5,2009246,2,2,0,0,0
pl5,2009247,1,5,9,6,1
pl5,2009248,2,0,4,2,7
pl5,2009249,8,9,4,9,3
pl5,2009250,3,6,2,8,9
pl5,2009251,4,1,9,3,2
pl5,2009252,9,9,0,4,6
pl5,2009253,0,9,8,5,2
pl5,2009254,3,1,9,3,2
pl5,2009255,3,1,6,7,4
pl5,2009256,8,7,7,8,4
pl5,2009257,9,0,5,4,9
pl5,2009258,2,0,6,7,6
pl5,2009259,5,4,4,5,7
pl5,2009260,8,6,1,6,3
pl5,2009261,8,0,8,6,8
pl5,2009262,5,2,1,5,5
pl5,2009263,0,5,0,7,9
pl5,2009264,3,3,2,0,0
pl5,2009265,7,7,9,1,2
pl5,2009266,0,8,9,0,1
pl5,2009267,5,4,5,7,4
pl5,2009268,0,7,3,8,6
pl5,2009269,6,4,2,0,2
pl5,2009270,4,7,5,9,3
pl5,2009271,6,9,8,4,3
pl5,2009272,6,3,1,1,0
pl5,2009273,3,2,9,6,0
pl5,2009274,0,7,2,9,0
pl5,2009275,7,3,2,5,9
pl5,2009276,5,2,1,4,4
pl5,2009277,1,7,6,3,9
pl5,2009278,0,8,9,5,7
pl5,2009279,6,3,1,4,7
pl5,2009280,4,0,4,7,1
pl5,2009281,8,1,9,4,9
pl5,2009282,2,4,1,3,0
pl5,2009283,5,6,2,0,8
pl5,2009284,4,8,8,5,0
pl5,2009285,3,6,3,4,6
pl5,2009286,1,8,4,3,6
pl5,2009287,9,7,1,4,1
pl5,2009288,2,0,1,3,9
pl5,2009289,7,3,9,0,2
pl5,2009290,1,3,9,8,5
pl5,2009291,8,3,0,2,6
pl5,2009292,9,6,6,8,5
pl5,2009293,9,0,6,6,6
pl5,2009294,2,7,8,2,7
pl5,2009295,8,0,0,6,0
pl5,2009296,6,4,6,8,9
pl5,2009297,2,3,0,0,5
pl5,2009298,5,6,6,3,8
pl5,2009299,5,3,5,1,1
pl5,2009300,7,5,4,8,8
pl5,2009301,2,2,4,4,5
pl5,2009302,6,1,7,4,2
pl5,2009303,7,3,9,1,0
pl5,2009304,5,2,6,5,9
pl5,2009305,4,8,7,4,4
pl5,2009306,5,4,7,3,2
pl5,2009307,3,9,4,8,9
pl5,2009308,1,0,8,3,2
pl5,2009309,5,9,5,0,6
pl5,2009310,4,7,7,3,8
pl5,2009311,1,9,9,4,3
pl5,2009312,3,3,2,9,5
pl5,2009313,9,3,1,3,4
pl5,2009314,8,8,0,9,5
pl5,2009315,0,5,9,4,1
pl5,2009316,4,8,9,3,5
pl5,2009317,2,9,4,6,9
pl5,2009318,8,2,7,0,2
pl5,2009319,5,3,1,2,5
pl5,2009320,6,8,6,4,8
pl5,2009321,5,9,8,1,5
pl5,2009322,2,2,6,2,1
pl5,2009323,1,2,1,7,5
pl5,2009324,2,7,8,5,4
pl5,2009325,4,5,5,7,9
pl5,2009326,6,0,0,0,6
pl5,2009327,7,8,5,8,9
pl5,2009328,4,1,7,6,4
pl5,2009329,5,2,4,4,4
pl5,2009330,6,7,4,4,6
pl5,2009331,9,4,5,9,5
pl5,2009332,0,5,1,6,6
pl5,2009333,5,9,2,6,3
pl5,2009334,4,8,0,9,3
pl5,2009335,4,0,7,7,2
pl5,2009336,8,3,2,8,6
pl5,2009337,9,8,6,3,3
pl5,2009338,9,7,0,0,4
pl5,2009339,5,2,0,5,0
pl5,2009340,6,8,0,9,5
pl5,2009341,9,3,9,8,3
pl5,2009342,7,8,2,6,6
pl5,2009343,8,3,7,2,8
pl5,2009344,5,3,1,2,1
pl5,2009345,3,7,5,2,3
pl5,2009346,1,5,1,0,2
pl5,2009347,2,0,3,0,5
pl5,2009348,8,2,7,4,5
pl5,2009349,3,0,7,2,1
pl5,2009350,3,3,5,9,9
pl5,2009351,1,5,9,8,7
pl5,2009352,6,2,2,4,9
pl5,2009353,6,6,7,1,6
pl5,2009354,0,7,5,4,9
pl5,2009355,4,4,2,9,3
pl5,2009356,7,8,4,3,3
pl5,2009357,2,5,5,1,7
pl5,2009358,8,2,3,4,0
pl5,2010001,3,2,7,8,4
pl5,2010002,9,8,1,9,5
pl5,2010003,9,1,5,2,7
pl5,2010004,2,3,2,6,0
pl5,2010005,3,8,7,3,2
pl5,2010006,5,2,7,0,1
pl5,2010007,4,2,5,2,4
pl5,2010008,6,4,5,2,6
pl5,2010009,0,3,7,4,3
pl5,2010010,9,2,9,0,8
pl5,2010011,4,2,0,8,8
pl5,2010012,0,8,0,7,4
pl5,2010013,9,3,7,2,8
pl5,2010014,3,9,4,6,1
pl5,2010015,9,5,6,0,8
pl5,2010016,1,0,8,1,7
pl5,2010017,3,8,3,0,9
pl5,2010018,4,3,6,6,5
pl5,2010019,1,8,4,3,4
pl5,2010020,1,7,0,0,4
pl5,2010021,0,8,4,8,9
pl5,2010022,5,7,0,5,2
pl5,2010023,4,5,1,5,8
pl5,2010024,8,3,7,9,0
pl5,2010025,7,4,6,6,8
pl5,2010026,6,8,5,4,0
pl5,2010027,5,0,0,4,9
pl5,2010028,8,9,4,0,8
pl5,2010029,5,5,0,8,6
pl5,2010030,8,0,2,6,3
pl5,2010031,0,1,5,8,7
pl5,2010032,0,9,3,8,0
pl5,2010033,6,6,8,1,3
pl5,2010034,5,6,9,4,0
pl5,2010035,3,4,9,6,3
pl5,2010036,5,6,8,4,9
pl5,2010037,7,7,8,8,7
pl5,2010038,5,9,6,0,5
pl5,2010039,5,1,1,6,3
pl5,2010040,4,0,1,6,7
pl5,2010041,2,3,6,7,4
pl5,2010042,6,0,1,0,8
pl5,2010043,4,0,8,0,9
pl5,2010044,4,1,5,6,3
pl5,2010045,3,6,8,2,7
pl5,2010046,9,6,1,8,1
pl5,2010047,4,0,0,9,6
pl5,2010048,1,2,1,9,6
pl5,2010049,2,5,9,4,4
pl5,2010050,7,3,5,4,6
pl5,2010051,7,3,4,3,5
pl5,2010052,2,0,4,3,3
pl5,2010053,5,4,8,9,7
pl5,2010054,7,9,6,6,4
pl5,2010055,2,3,0,0,4
pl5,2010056,5,3,4,7,6
pl5,2010057,3,7,4,4,3
pl5,2010058,4,1,1,8,5
pl5,2010059,6,2,7,1,4
pl5,2010060,5,7,0,8,9
pl5,2010061,6,0,9,9,5
pl5,2010062,1,4,6,6,5
pl5,2010063,8,4,4,7,0
pl5,2010064,2,6,8,0,9
pl5,2010065,2,0,8,0,8
pl5,2010066,3,6,0,4,2
pl5,2010067,5,8,8,9,3
pl5,2010068,5,9,7,9,7
pl5,2010069,8,5,1,0,0
pl5,2010070,6,6,9,3,8
pl5,2010071,5,7,8,2,5
pl5,2010072,9,7,0,7,4
pl5,2010073,5,5,5,0,1
pl5,2010074,3,4,9,0,0
pl5,2010075,8,5,4,0,9
pl5,2010076,2,7,1,5,4
pl5,2010077,9,9,2,5,3
pl5,2010078,0,4,9,8,2
pl5,2010079,9,5,7,8,1
pl5,2010080,2,6,4,5,6
pl5,2010081,5,9,8,0,0
pl5,2010082,5,0,8,4,0
pl5,2010083,4,6,8,0,1
pl5,2010084,9,2,2,8,6
pl5,2010085,2,9,6,7,7
pl5,2010086,9,6,8,4,9
pl5,2010087,8,1,4,4,7
pl5,2010088,6,0,8,1,5
pl5,2010089,2,4,1,8,4
pl5,2010090,5,9,0,1,4
pl5,2010091,0,7,0,7,2
pl5,2010092,3,0,5,6,7
pl5,2010093,9,7,4,7,1
pl5,2010094,9,5,8,8,8
pl5,2010095,4,7,0,8,0
pl5,2010096,0,5,9,3,9
pl5,2010097,1,4,6,3,7
pl5,2010098,9,3,6,3,9
pl5,2010099,1,6,8,5,6
pl5,2010100,7,1,8,0,5
pl5,2010101,1,4,3,1,7
pl5,2010102,8,8,8,0,7
pl5,2010103,8,1,2,2,3
pl5,2010104,2,4,4,3,4
pl5,2010105,2,8,4,9,0
pl5,2010106,6,9,7,8,4
pl5,2010107,0,5,3,8,9
pl5,2010108,1,3,0,9,5
pl5,2010109,7,7,6,0,9
pl5,2010110,8,1,3,4,7
pl5,2010111,8,7,1,8,7
pl5,2010112,3,7,7,5,7
pl5,2010113,3,4,2,3,0
pl5,2010114,1,3,0,3,5
pl5,2010115,2,2,1,9,2
pl5,2010116,5,0,3,7,3
pl5,2010117,5,6,5,7,9
pl5,2010118,9,6,8,4,1
pl5,2010119,3,3,2,2,6
pl5,2010120,2,1,9,3,6
pl5,2010121,8,2,9,2,1
pl5,2010122,8,3,2,5,5
pl5,2010123,2,6,1,2,7
pl5,2010124,4,7,3,0,4
pl5,2010125,4,8,8,8,4
pl5,2010126,4,8,3,6,9
pl5,2010127,2,7,7,4,2
pl5,2010128,9,1,3,9,1
pl5,2010129,1,0,1,2,1
pl5,2010130,3,9,5,0,8
pl5,2010131,3,3,6,9,6
pl5,2010132,5,4,5,3,1
pl5,2010133,3,4,3,0,3
pl5,2010134,3,5,8,7,0
pl5,2010135,4,0,9,8,6
pl5,2010136,9,2,6,2,6
pl5,2010137,7,7,6,4,6
pl5,2010138,7,2,8,3,0
pl5,2010139,0,4,5,3,4
pl5,2010140,6,3,4,9,7
pl5,2010141,8,3,1,5,4
pl5,2010142,2,6,1,3,4
pl5,2010143,3,7,0,3,5
pl5,2010144,8,6,6,0,6
pl5,2010145,9,3,4,7,3
pl5,2010146,8,1,4,2,5
pl5,2010147,0,0,6,9,5
pl5,2010148,2,7,8,8,2
pl5,2010149,9,6,4,9,7
pl5,2010150,1,0,1,2,6
pl5,2010151,3,0,9,1,9
pl5,2010152,9,9,7,1,3
pl5,2010153,0,0,6,8,1
pl5,2010154,0,6,9,3,8
pl5,2010155,3,3,1,6,1
pl5,2010156,1,3,8,9,3
pl5,2010157,7,0,8,0,2
pl5,2010158,4,8,0,1,1
pl5,2010159,6,4,4,6,2
pl5,2010160,8,7,8,7,6
pl5,2010161,6,3,7,8,7
pl5,2010162,0,1,3,1,8
pl5,2010163,1,3,4,5,3
pl5,2010164,6,8,4,7,3
pl5,2010165,8,4,2,1,9
pl5,2010166,7,8,6,3,7
pl5,2010167,0,9,4,3,8
pl5,2010168,6,7,7,7,7
pl5,2010169,8,4,4,4,9
pl5,2010170,7,3,9,9,4
pl5,2010171,8,0,8,7,1
pl5,2010172,2,3,9,1,7
pl5,2010173,4,0,6,6,6
pl5,2010174,8,4,1,8,4
pl5,2010175,5,6,9,7,7
pl5,2010176,7,7,0,5,3
pl5,2010177,1,9,4,5,4
pl5,2010178,3,5,6,6,3
pl5,2010179,5,1,9,2,5
pl5,2010180,0,8,8,5,7
pl5,2010181,8,0,6,8,7
pl5,2010182,9,4,7,4,1
pl5,2010183,3,3,7,1,3
pl5,2010184,8,2,0,2,6
pl5,2010185,1,3,5,7,9
pl5,2010186,2,8,4,2,8
pl5,2010187,4,1,5,8,3
pl5,2010188,6,8,1,1,9
pl5,2010189,9,1,8,4,2
pl5,2010190,7,5,7,5,4
pl5,2010191,3,5,3,3,8
pl5,2010192,6,1,3,2,4
pl5,2010193,1,1,1,9,1
pl5,2010194,1,4,8,8,4
pl5,2010195,8,0,4,3,4
pl5,2010196,0,5,2,1,2
pl5,2010197,7,7,8,7,7
pl5,2010198,4,6,6,3,5
pl5,2010199,9,8,8,4,6
pl5,2010200,2,0,6,5,5
pl5,2010201,1,8,0,0,5
pl5,2010202,0,5,3,3,9
pl5,2010203,1,0,6,8,6
pl5,2010204,0,3,6,3,4
pl5,2010205,0,4,7,1,9
pl5,2010206,3,5,3,0,3
pl5,2010207,8,2,8,1,2
pl5,2010208,4,6,7,2,2
pl5,2010209,0,8,1,5,3
pl5,2010210,8,0,9,7,9
pl5,2010211,9,3,2,5,2
pl5,2010212,7,8,5,0,1
pl5,2010213,3,9,1,4,0
pl5,2010214,1,2,4,6,4
pl5,2010215,6,6,7,2,5
pl5,2010216,8,2,4,7,0
pl5,2010217,8,9,3,2,3
pl5,2010218,2,4,5,2,9
pl5,2010219,6,8,5,5,1
pl5,2010220,2,9,5,1,4
pl5,2010221,6,8,3,8,0
pl5,2010222,1,4,0,4,1
pl5,2010223,5,7,4,0,2
pl5,2010224,6,7,4,5,4
pl5,2010225,9,9,7,3,9
pl5,2010226,5,0,4,3,5
pl5,2010227,2,3,9,2,1
pl5,2010228,9,4,7,8,1
pl5,2010229,6,7,6,5,6
pl5,2010230,8,5,4,0,9
pl5,2010231,0,6,6,0,2
pl5,2010232,1,9,5,0,3
pl5,2010233,5,3,4,2,4
pl5,2010234,3,7,9,2,7
pl5,2010235,3,0,0,7,3
pl5,2010236,1,7,3,9,8
pl5,2010237,9,0,3,8,7
pl5,2010238,6,8,7,8,5
pl5,2010239,4,1,4,1,3
pl5,2010240,3,3,1,5,9
pl5,2010241,2,5,1,2,0
pl5,2010242,0,9,5,3,2
pl5,2010243,4,8,8,6,4
pl5,2010244,4,8,2,3,1
pl5,2010245,4,8,4,3,1
pl5,2010246,5,3,0,7,8
pl5,2010247,8,8,5,0,7
pl5,2010248,2,0,4,8,3
pl5,2010249,6,9,5,4,4
pl5,2010250,0,8,2,7,5
pl5,2010251,6,9,8,9,3
pl5,2010252,2,9,9,5,2
pl5,2010253,6,7,5,9,3
pl5,2010254,3,5,8,0,9
pl5,2010255,9,7,1,8,0
pl5,2010256,1,7,9,5,3
pl5,2010257,9,6,9,6,9
pl5,2010258,9,5,8,5,8
pl5,2010259,2,4,3,5,4
pl5,2010260,8,8,1,8,9
pl5,2010261,3,3,3,7,5
pl5,2010262,1,8,5,9,6
pl5,2010263,4,2,5,2,3
pl5,2010264,4,4,5,2,1
pl5,2010265,8,4,6,7,9
pl5,2010266,2,3,5,8,1
pl5,2010267,7,0,3,9,1
pl5,2010268,5,9,3,1,4
pl5,2010269,1,6,3,3,5
pl5,2010270,1,1,7,1,9
pl5,2010271,5,2,1,1,8
pl5,2010272,6,7,0,6,6
pl5,2010273,7,7,2,6,7
pl5,2010274,4,1,1,1,6
pl5,2010275,6,8,0,2,0
pl5,2010276,2,8,0,1,8
pl5,2010277,6,2,3,8,7
pl5,2010278,1,8,8,5,4
pl5,2010279,6,8,5,4,4
pl5,2010280,1,5,2,4,3
pl5,2010281,2,7,3,2,0
pl5,2010282,5,3,8,3,7
pl5,2010283,0,4,7,0,7
pl5,2010284,2,1,0,3,2
pl5,2010285,7,4,7,4,4
pl5,2010286,9,6,0,9,3
pl5,2010287,1,6,7,3,9
pl5,2010288,4,6,0,3,0
pl5,2010289,1,3,4,7,5
pl5,2010290,3,9,9,7,9
pl5,2010291,1,5,0,7,4
pl5,2010292,1,2,2,4,7
pl5,2010293,1,2,9,2,0
pl5,2010294,0,4,0,3,7
pl5,2010295,2,3,8,2,2
pl5,2010296,4,4,8,9,2
pl5,2010297,5,2,0,2,7
pl5,2010298,7,8,6,6,4
pl5,2010299,2,2,5,8,8
pl5,2010300,5,9,6,9,6
pl5,2010301,3,5,6,0,2
pl5,2010302,0,9,1,1,1
pl5,2010303,0,7,0,0,6
pl5,2010304,3,3,2,9,8
pl5,2010305,9,3,7,3,0
pl5,2010306,4,0,5,7,5
pl5,2010307,2,1,9,4,1
pl5,2010308,2,3,2,3,6
pl5,2010309,0,2,6,5,8
pl5,2010310,3,8,7,0,9
pl5,2010311,5,9,8,2,4
pl5,2010312,1,3,8,0,6
pl5,2010313,8,7,8,0,4
pl5,2010314,6,7,5,6,0
pl5,2010315,0,5,5,7,2
pl5,2010316,3,2,9,9,2
pl5,2010317,1,8,2,4,5
pl5,2010318,4,5,4,3,6
pl5,2010319,7,3,3,7,7
pl5,2010320,2,8,3,9,4
pl5,2010321,0,2,7,2,9
pl5,2010322,8,4,0,9,3
pl5,2010323,4,7,4,4,1
pl5,2010324,1,2,7,8,0
pl5,2010325,8,4,6,0,7
pl5,2010326,1,5,9,4,3
pl5,2010327,3,7,6,0,3
pl5,2010328,8,5,3,9,0
pl5,2010329,3,6,6,3,7
pl5,2010330,6,8,1,7,4
pl5,2010331,4,4,3,0,6
pl5,2010332,4,2,4,9,6
pl5,2010333,8,6,7,3,3
pl5,2010334,3,5,4,1,4
pl5,2010335,6,5,5,3,9
pl5,2010336,8,7,8,6,9
pl5,2010337,8,9,5,2,7
pl5,2010338,7,5,4,7,1
pl5,2010339,5,9,9,6,4
pl5,2010340,0,9,4,4,2
pl5,2010341,9,4,3,1,2
pl5,2010342,3,7,6,5,4
pl5,2010343,1,6,8,3,5
pl5,2010344,3,3,2,3,7
pl5,2010345,7,4,1,1,3
pl5,2010346,3,8,3,8,4
pl5,2010347,3,2,2,9,6
pl5,2010348,4,8,4,7,0
pl5,2010349,6,7,0,7,3
pl5,2010350,8,9,0,5,5
pl5,2010351,5,7,2,5,2
pl5,2010352,1,1,2,4,2
pl5,2010353,1,6,9,7,8
pl5,2010354,1,6,7,5,9
pl5,2010355,5,4,5,9,5
pl5,2010356,8,6,8,7,2
pl5,2010357,1,7,1,3,8
pl5,2010358,3,1,1,5,2
pl5,2011001,9,2,8,5,0
pl5,2011002,6,7,6,0,5
pl5,2011003,9,3,3,9,2
pl5,2011004,5,5,0,5,5
pl5,2011005,4,9,1,7,7
pl5,2011006,3,5,9,9,0
pl5,2011007,8,8,4,9,1
pl5,2011008,5,3,4,4,7
pl5,2011009,1,5,6,6,5
pl5,2011010,9,1,7,3,2
pl5,2011011,5,0,2,2,1
pl5,2011012,6,8,7,5,7
pl5,2011013,1,8,7,2,4
pl5,2011014,8,1,0,8,2
pl5,2011015,7,1,7,3,8
pl5,2011016,8,1,6,0,8
pl5,2011017,1,8,4,7,6
pl5,2011018,9,0,3,8,4
pl5,2011019,3,2,8,7,6
pl5,2011020,5,7,8,7,3
pl5,2011021,5,7,8,7,3
pl5,2011022,0,0,8,9,1
pl5,2011023,7,4,1,4,3
pl5,2011024,4,8,7,5,3
pl5,2011025,3,5,2,3,2
pl5,2011026,7,9,7,2,1
pl5,2011027,2,1,2,9,2
pl5,2011028,1,3,4,2,7
pl5,2011029,3,6,5,4,0
pl5,2011030,4,9,3,3,1
pl5,2011031,8,6,4,9,4
pl5,2011032,3,4,9,2,6
pl5,2011033,0,6,2,8,3
pl5,2011034,4,8,9,4,4
pl5,2011035,7,4,4,9,6
pl5,2011036,1,6,3,8,4
pl5,2011037,7,0,5,7,9
pl5,2011038,0,1,6,4,8
pl5,2011039,2,6,0,7,0
pl5,2011040,1,1,7,0,6
pl5,2011041,4,4,9,5,5
pl5,2011042,3,3,7,8,0
pl5,2011043,2,8,6,9,9
pl5,2011044,4,1,6,8,4
pl5,2011045,5,7,9,1,7
pl5,2011046,9,0,9,4,5
pl5,2011047,3,6,7,1,2
pl5,2011048,6,2,1,6,0
pl5,2011049,4,5,9,6,3
pl5,2011050,0,6,7,4,6
pl5,2011051,6,8,4,4,6
pl5,2011052,5,0,9,5,1
pl5,2011053,8,3,5,5,9
pl5,2011054,7,6,0,4,4
pl5,2011055,8,3,5,9,9
pl5,2011056,6,0,9,2,9
pl5,2011057,3,6,6,4,5
pl5,2011058,6,6,4,4,0
pl5,2011059,3,9,8,2,4
pl5,2011060,1,4,4,8,3
pl5,2011061,4,1,6,5,5
pl5,2011062,6,2,8,0,7
pl5,2011063,1,4,1,5,1
pl5,2011064,6,9,0,1,9
pl5,2011065,7,2,1,1,1
pl5,2011066,0,7,9,0,6
pl5,2011067,4,1,3,1,9
pl5,2011068,5,0,0,8,8
pl5,2011069,2,8,5,9,5
pl5,2011070,8,9,2,4,7
pl5,2011071,0,7,1,4,5
pl5,2011072,7,9,9,2,3
pl5,2011073,0,6,3,8,7
pl5,2011074,7,8,4,4,9
pl5,2011075,9,5,3,3,5
pl5,2011076,6,6,7,7,0
pl5,2011077,7,8,7,5,7
pl5,2011078,5,4,4,9,6
pl5,2011079,8,2,3,4,0
pl5,2011080,9,4,3,2,7
pl5,2011081,7,4,8,6,6
pl5,2011082,1,7,1,0,6
pl5,2011083,8,3,5,7,8
pl5,2011084,2,5,2,1,3
pl5,2011085,9,9,5,8,6
pl5,2011086,9,4,1,2,4
pl5,2011087,0,9,2,2,2
pl5,2011088,6,7,0,7,8
pl5,2011089,1,2,4,0,5
pl5,2011090,0,8,7,7,3
pl5,2011091,2,2,2,1,5
pl5,2011092,7,4,9,0,2
pl5,2011093,5,0,0,4,9
pl5,2011094,1,5,9,5,7
pl5,2011095,8,4,4,7,4
pl5,2011096,0,9,7,4,9
pl5,2011097,6,7,9,1,2
pl5,2011098,1,8,7,9,5
pl5,2011099,8,2,9,4,1
pl5,2011100,2,3,2,8,7
pl5,2011101,2,7,5,8,5
pl5,2011102,9,0,9,8,3
pl5,2011103,4,7,2,0,8
pl5,2011104,5,8,9,0,4
pl5,2011105,7,0,0,7,7
pl5,2011106,6,5,0,1,0
pl5,2011107,9,2,4,1,5
pl5,2011108,3,3,0,7,4
pl5,2011109,2,2,2,4,2
pl5,2011110,3,5,1,0,4
pl5,2011111,2,5,2,4,4
pl5,2011112,0,9,8,4,3
pl5,2011113,7,3,3,2,5
pl5,2011114,3,9,8,9,0
pl5,2011115,3,7,5,1,5
pl5,2011116,7,4,0,9,8
pl5,2011117,7,0,4,1,7
pl5,2011118,0,7,5,6,0
pl5,2011119,2,9,5,0,6
pl5,2011120,9,8,3,2,4
pl5,2011121,6,4,9,5,4
pl5,2011122,0,3,3,9,3
pl5,2011123,5,3,5,9,0
pl5,2011124,7,7,4,1,7
pl5,2011125,3,2,7,3,4
pl5,2011126,2,9,9,8,7
pl5,2011127,5,4,3,6,2
pl5,2011128,7,3,3,4,2
pl5,2011129,4,2,0,5,9
pl5,2011130,0,5,9,6,2
pl5,2011131,2,3,3,8,5
pl5,2011132,6,5,2,9,7
pl5,2011133,4,8,7,5,5
pl5,2011134,4,1,9,3,3
pl5,2011135,4,3,7,2,8
pl5,2011136,3,9,6,1,2
pl5,2011137,2,4,3,2,9
pl5,2011138,9,0,7,1,3
pl5,2011139,5,3,8,6,0
pl5,2011140,8,0,7,8,2
pl5,2011141,6,3,9,8,0
pl5,2011142,8,8,9,8,6
pl5,2011143,0,5,2,8,7
pl5,2011144,1,2,4,2,2
pl5,2011145,1,0,7,2,1
pl5,2011146,3,7,9,4,2
pl5,2011147,8,8,7,2,7
pl5,2011148,5,8,9,5,4
pl5,2011149,8,8,4,6,8
pl5,2011150,8,6,5,5,2
pl5,2011151,9,8,5,6,8
pl5,2011152,9,7,4,1,0
pl5,2011153,6,2,9,5,4
pl5,2011154,7,6,5,4,7
pl5,2011155,6,5,2,2,0
pl5,2011156,2,4,1,0,2
pl5,2011157,4,1,9,3,9
pl5,2011158,1,0,4,6,5
pl5,2011159,8,9,6,9,5
pl5,2011160,7,1,3,0,6
pl5,2011161,8,1,5,7,9
pl5,2011162,2,3,9,4,1
pl5,2011163,3,7,8,6,9
pl5,2011164,6,8,9,1,7
pl5,2011165,5,7,8,5,1
pl5,2011166,8,2,6,8,6
pl5,2011167,4,6,2,0,1
pl5,2011168,2,9,7,0,8
pl5,2011169,5,2,0,7,7
pl5,2011170,3,5,3,5,2
pl5,2011171,9,9,1,6,3
pl5,2011172,2,6,6,7,4
pl5,2011173,9,1,7,2,8
pl5,2011174,3,1,0,9,5
pl5,2011175,9,0,9,7,9
pl5,2011176,5,7,2,1,8
pl5,2011177,8,4,3,2,4
pl5,2011178,1,9,0,1,4
pl5,2011179,1,2,3,3,0
pl5,2011180,5,5,3,8,8
pl5,2011181,5,9,9,9,6
pl5,2011182,2,6,2,0,6
pl5,2011183,7,9,3,1,4
pl5,2011184,0,3,9,8,3
pl5,2011185,4,5,7,8,6
pl5,2011186,7,7,5,9,0
pl5,2011187,8,1,2,6,4
pl5,2011188,7,6,8,0,7
pl5,2011189,0,0,3,8,0
pl5,2011190,1,2,5,7,3
pl5,2011191,4,1,9,7,3
pl5,2011192,8,1,2,2,7
pl5,2011193,7,0,0,5,8
pl5,2011194,8,8,9,8,8
pl5,2011195,8,6,1,0,7
pl5,2011196,7,0,8,1,2
pl5,2011197,3,1,8,4,7
pl5,2011198,6,6,8,4,2
pl5,2011199,0,0,4,9,3
pl5,2011200,7,6,9,6,9
pl5,2011201,6,7,9,5,2
pl5,2011202,6,3,3,9,2
pl5,2011203,5,8,3,8,8
pl5,2011204,5,8,7,8,7
pl5,2011205,6,7,5,9,8
pl5,2011206,8,5,2,9,0
pl5,2011207,6,4,8,1,8
pl5,2011208,6,1,5,6,6
pl5,2011209,2,8,1,3,4
pl5,2011210,9,7,6,6,9
pl5,2011211,3,2,6,6,5
pl5,2011212,3,3,1,6,1
pl5,2011213,8,0,6,5,6
pl5,2011214,2,5,4,1,3
pl5,2011215,7,9,7,6,4
pl5,2011216,5,0,6,7,3
pl5,2011217,6,0,7,2,1
pl5,2011218,9,0,5,6,9
pl5,2011219,5,4,7,4,2
pl5,2011220,6,0,4,6,4
pl5,2011221,3,6,9,4,0
pl5,2011222,4,3,5,9,0
pl5,2011223,6,7,7,2,7
pl5,2011224,4,7,8,9,4
pl5,2011225,8,8,6,9,0
pl5,2011226,6,3,2,6,6
pl5,2011227,8,2,1,0,8
pl5,2011228,3,2,4,9,7
pl5,2011229,1,0,5,2,3
pl5,2011230,8,7,4,4,8
pl5,2011231,8,5,3,9,2
pl5,2011232,9,2,3,1,2
pl5,2011233,5,6,1,9,2
pl5,2011234,0,9,3,2,0
pl5,2011235,3,0,4,0,7
pl5,2011236,7,3,7,2,7
pl5,2011237,3,7,2,4,5
pl5,2011238,0,1,3,7,2
pl5,2011239,8,8,2,6,6
pl5,2011240,0,8,6,3,0
pl5,2011241,6,4,8,3,7
pl5,2011242,9,6,7,7,4
pl5,2011243,7,2,1,5,9
pl5,2011244,9,6,2,3,5
pl5,2011245,3,1,0,5,0
pl5,2011246,0,1,4,6,9
pl5,2011247,4,3,0,1,7
pl5,2011248,4,4,2,9,1
pl5,2011249,7,5,6,5,8
pl5,2011250,3,4,3,7,6
pl5,2011251,4,3,1,7,4
pl5,2011252,4,3,2,4,0
pl5,2011253,6,1,0,1,8
pl5,2011254,8,5,3,0,1
pl5,2011255,5,4,6,1,7
pl5,2011256,9,8,5,3,9
pl5,2011257,1,6,1,6,8
pl5,2011258,3,7,0,8,0
pl5,2011259,8,6,7,6,0
pl5,2011260,6,5,3,9,0
pl5,2011261,5,8,7,7,8
pl5,2011262,9,2,5,1,9
pl5,2011263,5,0,3,2,9
pl5,2011264,3,7,9,6,9
pl5,2011265,4,9,8,5,5
pl5,2011266,4,9,8,8,4
pl5,2011267,7,8,6,3,7
pl5,2011268,3,7,8,1,6
pl5,2011269,8,7,6,8,8
pl5,2011270,1,5,5,3,7
pl5,2011271,0,1,4,8,9
pl5,2011272,9,4,6,6,3
pl5,2011273,8,3,2,1,7
pl5,2011274,3,5,9,5,2
pl5,2011275,0,5,9,9,7
pl5,2011276,8,8,0,6,8
pl5,2011277,3,2,4,3,8
pl5,2011278,9,5,1,8,9
pl5,2011279,3,8,2,1,2
pl5,2011280,8,7,5,0,0
pl5,2011281,2,1,4,8,7
pl5,2011282,8,9,3,8,6
pl5,2011283,9,0,5,7,4
pl5,2011284,2,0,5,6,5
pl5,2011285,2,6,4,7,2
pl5,2011286,2,3,1,4,6
pl5,2011287,6,7,2,0,0
pl5,2011288,6,2,9,4,9
pl5,2011289,5,0,4,4,6
pl5,2011290,6,0,4,4,5
pl5,2011291,0,9,3,4,7
pl5,2011292,3,9,3,1,1
pl5,2011293,2,5,6,4,2
pl5,2011294,9,5,9,3,8
pl5,2011295,3,2,9,9,5
pl5,2011296,8,3,3,5,7
pl5,2011297,4,5,8,3,7
pl5,2011298,0,9,9,8,4
pl5,2011299,0,0,6,8,1
pl5,2011300,8,2,2,2,8
pl5,2011301,6,4,1,7,7
pl5,2011302,4,9,6,6,9
pl5,2011303,1,0,7,5,4
pl5,2011304,3,2,2,9,6
pl5,2011305,1,1,6,3,1
pl5,2011306,6,2,6,6,2
pl5,2011307,9,9,0,7,3
pl5,2011308,6,6,9,7,8
pl5,2011309,7,7,3,9,2
pl5,2011310,8,2,5,1,8
pl5,2011311,0,9,4,3,8
pl5,2011312,3,6,5,9,6
pl5,2011313,4,6,6,4,4
pl5,2011314,7,8,3,4,5
pl5,2011315,3,7,4,9,9
pl5,2011316,5,3,8,9,4
pl5,2011317,4,9,2,2,6
pl5,2011318,4,1,3,3,6
pl5,2011319,3,5,6,1,9
pl5,2011320,8,7,0,3,9
pl5,2011321,3,6,5,5,4
pl5,2011322,3,6,8,9,2
pl5,2011323,4,7,2,9,9
pl5,2011324,1,5,6,1,9
pl5,2011325,0,3,9,0,5
pl5,2011326,0,9,2,0,2
pl5,2011327,4,6,5,6,0
pl5,2011328,8,1,1,1,5
pl5,2011329,6,4,8,4,0
pl5,2011330,8,8,8,8,4
pl5,2011331,9,4,3,5,8
pl5,2011332,8,9,7,2,7
pl5,2011333,3,5,2,0,5
pl5,2011334,8,0,3,5,5
pl5,2011335,4,3,6,2,6
pl5,2011336,7,4,7,1,6
pl5,2011337,3,8,7,6,8
pl5,2011338,8,8,8,3,1
pl5,2011339,5,1,4,1,6
pl5,2011340,9,7,3,7,8
pl5,2011341,8,7,4,5,2
pl5,2011342,2,0,4,2,5
pl5,2011343,9,6,1,6,0
pl5,2011344,3,6,0,1,9
pl5,2011345,2,9,6,4,5
pl5,2011346,4,9,4,9,3
pl5,2011347,2,9,0,7,1
pl5,2011348,2,2,7,2,3
pl5,2011349,0,0,0,7,6
pl5,2011350,9,2,7,6,0
pl5,2011351,3,0,0,1,8
pl5,2011352,1,4,2,6,5
pl5,2011353,0,6,8,1,6
pl5,2011354,3,0,1,2,5
pl5,2011355,5,1,8,0,3
pl5,2011356,4,7,0,4,7
pl5,2011357,2,3,9,4,3
pl5,2011358,7,2,5,9,4
pl5,2012001,0,0,3,6,0
pl5,2012002,4,0,9,9,7
pl5,2012003,1,8,1,9,4
pl5,2012004,9,8,9,4,4
pl5,2012005,6,0,9,9,7
pl5,2012006,3,6,4,2,6
pl5,2012007,6,8,2,4,0
pl5,2012008,8,2,4,6,1
pl5,2012009,3,1,6,2,4
pl5,2012010,0,3,9,7,8
pl5,2012011,9,1,4,6,7
pl5,2012012,4,1,3,4,4
pl5,2012013,3,4,9,5,8
pl5,2012014,0,8,5,5,2
pl5,2012015,2,3,4,4,4
pl5,2012016,7,6,5,4,0
pl5,2012017,5,1,5,3,0
pl5,2012018,4,6,5,4,3
pl5,2012019,8,5,5,7,3
pl5,2012020,0,1,9,0,6
pl5,2012021,1,3,8,9,7
pl5,2012022,6,4,4,4,0
pl5,2012023,7,4,1,0,6
pl5,2012024,3,3,4,8,6
pl5,2012025,9,9,7,1,4
pl5,2012026,8,3,3,9,0
pl5,2012027,0,0,6,5,0
pl5,2012028,6,8,9,4,9
pl5,2012029,7,7,9,1,1
pl5,2012030,6,6,5,0,1
pl5,2012031,9,8,8,1,1
pl5,2012032,5,0,3,9,9
pl5,2012033,1,2,7,6,4
pl5,2012034,7,4,1,6,2
pl5,2012035,2,7,4,6,1
pl5,2012036,0,3,4,0,2
pl5,2012037,4,4,3,1,3
pl5,2012038,5,2,8,5,4
pl5,2012039,8,5,5,2,7
pl5,2012040,8,1,8,5,5
pl5,2012041,3,4,1,6,8
pl5,2012042,8,4,1,2,2
pl5,2012043,3,5,2,1,8
pl5,2012044,6,8,3,1,6
pl5,2012045,4,2,1,2,9
pl5,2012046,3,7,3,3,2
pl5,2012047,4,9,6,2,1
pl5,2012048,8,3,3,1,4
pl5,2012049,0,4,4,9,3
pl5,2012050,7,7,8,3,9
pl5,2012051,4,6,7,1,1
pl5,2012052,8,4,1,4,4
pl5,2012053,5,3,5,9,4
pl5,2012054,0,5,7,2,5
pl5,2012055,0,6,6,5,4
pl5,2012056,1,4,3,8,5
pl5,2012057,6,9,1,5,2
pl5,2012058,2,5,9,4,2
pl5,2012059,3,4,6,6,9
pl5,2012060,4,2,4,0,5
pl5,2012061,7,1,3,6,3
pl5,2012062,3,5,0,3,1
pl5,2012063,7,7,3,0,6
pl5,2012064,8,3,1,2,2
pl5,2012065,3,6,3,8,6
pl5,2012066,0,8,4,0,4
pl5,2012067,4,2,2,5,4
pl5,2012068,9,2,5,6,7
pl5,2012069,7,2,1,0,6
pl5,2012070,3,0,0,3,2
pl5,2012071,6,1,3,6,9
pl5,2012072,9,9,8,7,7
pl5,2012073,4,6,4,2,2
pl5,2012074,2,7,6,9,0
pl5,2012075,9,8,9,6,4
pl5,2012076,0,7,8,7,8
pl5,2012077,4,1,2,3,4
pl5,2012078,6,6,0,5,6
pl5,2012079,0,1,0,4,4
pl5,2012080,7,7,2,4,3
pl5,2012081,3,9,9,4,9
pl5,2012082,9,9,0,3,6
pl5,2012083,6,8,8,0,3
pl5,2012084,2,3,8,9,1
pl5,2012085,4,7,8,4,7
pl5,2012086,7,1,6,1,5
pl5,2012087,6,8,4,2,9
pl5,2012088,5,3,5,3,9
pl5,2012089,2,2,1,6,6
pl5,2012090,6,8,2,6,3
pl5,2012091,8,3,5,7,6
pl5,2012092,7,3,9,2,6
pl5,2012093,6,7,1,2,8
pl5,2012094,6,0,8,0,7
pl5,2012095,9,5,6,4,6
pl5,2012096,7,4,9,8,3
pl5,2012097,6,8,2,8,8
pl5,2012098,6,1,1,4,4
pl5,2012099,1,0,5,4,1
pl5,2012100,4,8,9,6,1
pl5,2012101,3,7,7,7,0
pl5,2012102,9,5,5,2,9
pl5,2012103,2,7,3,4,6
pl5,2012104,3,8,8,1,7
pl5,2012105,5,4,2,1,9
pl5,2012106,6,8,2,4,3
pl5,2012107,2,6,9,1,1
pl5,2012108,3,9,9,8,0
pl5,2012109,2,4,1,3,9
pl5,2012110,7,0,4,4,2
pl5,2012111,4,6,1,6,1
pl5,2012112,7,5,0,7,4
pl5,2012113,4,3,2,8,6
pl5,2012114,0,7,9,2,1
pl5,2012115,0,2,9,0,7
pl5,2012116,4,7,1,8,4
pl5,2012117,0,4,2,4,4
pl5,2012118,8,0,4,3,2
pl5,2012119,8,3,6,7,2
pl5,2012120,4,6,9,0,5
pl5,2012121,6,7,0,9,8
pl5,2012122,4,7,4,2,1
pl5,2012123,6,2,2,6,3
pl5,2012124,9,0,1,0,3
pl5,2012125,6,7,8,3,2
pl5,2012126,2,8,1,0,1
pl5,2012127,2,0,5,3,9
pl5,2012128,1,7,8,0,5
pl5,2012129,9,2,1,9,0
pl5,2012130,2,1,1,0,0
pl5,2012131,5,8,6,6,3
pl5,2012132,6,2,6,9,4
pl5,2012133,6,3,8,8,1
pl5,2012134,0,4,9,7,6
pl5,2012135,5,6,9,5,0
pl5,2012136,7,2,0,9,1
pl5,2012137,8,8,2,7,9
pl5,2012138,3,8,4,5,0
pl5,2012139,7,1,9,5,4
pl5,2012140,0,4,4,9,1
pl5,2012141,2,5,0,1,5
pl5,2012142,9,6,7,5,4
pl5,2012143,9,9,0,6,9
pl5,2012144,2,7,8,0,5
pl5,2012145,8,5,6,3,3
pl5,2012146,7,2,8,6,4
pl5,2012147,5,6,8,0,1
pl5,2012148,5,2,4,2,4
pl5,2012149,9,4,0,4,5
pl5,2012150,5,9,8,5,2
pl5,2012151,6,1,3,7,2
pl5,2012152,7,3,9,0,9
pl5,2012153,3,8,3,9,7
pl5,2012154,2,0,6,4,3
pl5,2012155,8,9,5,4,0
pl5,2012156,4,4,0,2,9
pl5,2012157,5,9,9,5,3
pl5,2012158,7,7,2,4,1
pl5,2012159,9,5,7,2,3
pl5,2012160,9,7,0,0,3
pl5,2012161,5,3,2,2,7
pl5,2012162,2,4,3,5,2
pl5,2012163,6,9,3,7,6
pl5,2012164,7,1,8,7,1
pl5,2012165,0,4,6,9,0
pl5,2012166,8,6,2,8,9
pl5,2012167,2,8,9,1,3
pl5,2012168,6,5,1,9,9
pl5,2012169,7,2,0,7,3
pl5,2012170,7,8,8,7,2
pl5,2012171,7,3,5,0,0
pl5,2012172,4,3,7,8,7
pl5,2012173,5,9,7,5,6
pl5,2012174,2,1,8,0,3
pl5,2012175,0,5,8,2,3
pl5,2012176,4,0,0,0,5
pl5,2012177,0,1,8,9,3
pl5,2012178,3,5,7,5,8
pl5,2012179,1,4,5,1,1
pl5,2012180,9,9,0,1,7
pl5,2012181,6,9,3,1,5
pl5,2012182,4,5,6,7,5
pl5,2012183,7,9,5,0,9
pl5,2012184,1,6,9,3,7
pl5,2012185,4,6,0,8,3
pl5,2012186,6,7,3,6,6
pl5,2012187,9,6,2,2,1
pl5,2012188,6,3,8,7,5
pl5,2012189,4,1,8,9,5
pl5,2012190,3,1,3,3,4
pl5,2012191,5,8,4,3,1
pl5,2012192,5,7,6,9,9
pl5,2012193,2,6,9,0,8
pl5,2012194,1,5,9,0,6
pl5,2012195,2,1,3,8,1
pl5,2012196,9,9,3,3,7
pl5,2012197,5,4,6,6,6
pl5,2012198,1,1,2,9,1
pl5,2012199,8,4,9,6,6
pl5,2012200,2,8,2,9,6
pl5,2012201,7,9,0,9,2
pl5,2012202,1,0,2,5,3
pl5,2012203,1,7,6,3,3
pl5,2012204,3,6,1,5,3
pl5,2012205,9,7,8,6,3
pl5,2012206,6,0,8,7,0
pl5,2012207,7,9,0,4,0
pl5,2012208,7,5,7,1,3
pl5,2012209,2,2,7,1,7
pl5,2012210,5,7,4,1,2
pl5,2012211,4,2,7,2,6
pl5,2012212,1,4,4,0,5
pl5,2012213,6,8,1,5,1
pl5,2012214,3,2,1,3,9
pl5,2012215,0,3,8,5,7
pl5,2012216,7,7,5,0,7
pl5,2012217,8,7,1,5,9
pl5,2012218,1,7,0,3,0
pl5,2012219,9,3,5,3,7
pl5,2012220,0,9,9,8,3
pl5,2012221,3,3,5,4,2
pl5,2012222,2,4,0,2,1
pl5,2012223,3,6,0,9,7
pl5,2012224,5,4,0,2,0
pl5,2012225,4,5,3,3,0
pl5,2012226,0,1,0,4,7
pl5,2012227,7,2,1,5,1
pl5,2012228,0,8,1,1,6
pl5,2012229,4,6,1,6,3
pl5,2012230,6,4,4,6,9
pl5,2012231,7,6,3,0,1
pl5,2012232,1,4,7,1,2
pl5,2012233,2,5,0,6,0
pl5,2012234,6,1,1,2,3
pl5,2012235,4,6,0,9,2
pl5,2012236,9,2,9,3,4
pl5,2012237,0,4,9,2,3
pl5,2012238,0,9,7,8,9
pl5,2012239,0,7,1,7,5
pl5,2012240,0,6,3,9,1
pl5,2012241,5,0,2,5,6
pl5,2012242,9,6,8,3,1
pl5,2012243,1,4,5,1,8
pl5,2012244,4,5,3,5,3
pl5,2012245,2,3,2,9,7
pl5,2012246,5,7,1,5,6
pl5,2012247,1,1,4,0,3
pl5,2012248,9,4,0,7,2
pl5,2012249,5,7,5,9,9
pl5,2012250,9,9,9,5,2
pl5,2012251,1,0,8,5,5
pl5,2012252,8,9,2,8,2
pl5,2012253,8,9,3,3,7
pl5,2012254,6,7,9,1,0
pl5,2012255,4,0,4,4,0
pl5,2012256,0,9,2,4,9
pl5,2012257,3,5,5,5,5
pl5,2012258,7,9,4,4,1
pl5,2012259,0,8,1,8,5
pl5,2012260,4,5,7,0,1
pl5,2012261,6,8,6,7,5
pl5,2012262,5,0,6,7,2
pl5,2012263,4,3,6,3,2
pl5,2012264,0,9,2,0,9
pl5,2012265,8,6,5,4,8
pl5,2012266,1,0,0,7,4
pl5,2012267,4,4,6,7,6
pl5,2012268,6,3,0,6,9
pl5,2012269,1,5,3,1,0
pl5,2012270,5,2,1,3,8
pl5,2012271,6,5,6,9,6
pl5,2012272,9,7,3,1,6
pl5,2012273,7,0,6,1,0
pl5,2012274,5,6,7,1,9
pl5,2012275,3,6,1,0,0
pl5,2012276,1,7,9,2,3
pl5,2012277,9,1,1,3,3
pl5,2012278,6,6,3,4,6
pl5,2012279,9,5,4,7,6
pl5,2012280,0,6,3,1,6
pl5,2012281,0,9,6,0,7
pl5,2012282,0,1,0,4,1
pl5,2012283,1,5,4,6,8
pl5,2012284,5,6,0,5,4
pl5,2012285,6,0,5,2,2
pl5,2012286,0,4,4,3,4
pl5,2012287,2,3,1,3,3
pl5,2012288,5,7,6,3,7
pl5,2012289,8,8,4,7,1
pl5,2012290,9,7,4,9,8
pl5,2012291,0,2,1,7,9
pl5,2012292,2,0,3,3,4
pl5,2012293,0,8,6,0,5
pl5,2012294,1,3,7,8,0
pl5,2012295,2,9,5,9,0
pl5,2012296,4,8,9,1,8
pl5,2012297,8,1,4,3,9
pl5,2012298,8,3,3,0,1
pl5,2012299,0,8,7,8,0
pl5,2012300,9,5,4,7,2
pl5,2012301,5,7,9,7,0
pl5,2012302,3,4,3,3,2
pl5,2012303,5,8,5,5,0
pl5,2012304,4,1,9,7,7
pl5,2012305,7,2,1,2,2
pl5,2012306,3,3,7,6,0
pl5,2012307,6,8,7,5,1
pl5,2012308,2,9,9,6,0
pl5,2012309,2,8,7,1,0
pl5,2012310,6,4,4,9,0
pl5,2012311,6,4,4,9,8
pl5,2012312,0,5,6,4,0
pl5,2012313,1,3,8,0,4
pl5,2012314,6,2,4,6,5
pl5,2012315,0,0,7,9,1
pl5,2012316,7,0,8,3,3
pl5,2012317,1,7,7,3,9
pl5,2012318,8,3,6,2,6
pl5,2012319,0,5,1,5,2
pl5,2012320,0,0,9,2,2
pl5,2012321,1,3,3,2,9
pl5,2012322,1,7,6,1,5
pl5,2012323,8,9,9,6,7
pl5,2012324,8,8,8,5,5
pl5,2012325,1,0,4,9,6
pl5,2012326,8,9,6,8,2
pl5,2012327,4,4,6,3,2
pl5,2012328,8,1,4,1,9
pl5,2012329,6,1,1,8,0
pl5,2012330,2,1,9,8,7
pl5,2012331,0,8,9,2,8
pl5,2012332,8,2,2,0,6
pl5,2012333,0,2,5,7,4
pl5,2012334,5,2,4,2,1
pl5,2012335,8,9,3,6,7
pl5,2012336,5,5,7,7,1
pl5,2012337,4,6,2,1,5
pl5,2012338,3,3,1,5,8
pl5,2012339,2,7,4,3,5
pl5,2012340,6,5,4,0,0
pl5,2012341,4,7,2,5,4
pl5,2012342,4,9,2,7,4
pl5,2012343,7,2,2,2,1
pl5,2012344,4,8,8,3,5
pl5,2012345,3,9,0,5,3
pl5,2012346,4,3,7,5,2
pl5,2012347,4,1,9,6,1
pl5,2012348,8,2,1,2,1
pl5,2012349,0,4,1,6,6
pl5,2012350,8,9,6,1,2
pl5,2012351,9,9,2,9,9
pl5,2012352,9,4,4,2,2
pl5,2012353,4,6,9,9,4
pl5,2012354,1,8,3,1,2
pl5,2012355,3,6,9,3,8
pl5,2012356,4,6,2,0,3
pl5,2012357,1,1,1,8,6
pl5,2012358,0,1,2,5,6
pl5,2012359,1,4,6,7,4
pl5,2013001,5,2,4,9,6
pl5,2013002,5,9,9,7,5
pl5,2013003,7,2,4,2,0
pl5,2013004,1,8,4,7,0
pl5,2013005,4,6,8,1,3
pl5,2013006,8,5,3,4,6
pl5,2013007,6,2,6,8,8
pl5,2013008,5,9,9,0,4
pl5,2013009,5,7,4,7,0
pl5,2013010,6,8,8,3,6
pl5,2013011,6,1,8,2,4
pl5,2013012,7,6,0,8,5
pl5,2013013,2,9,2,4,9
pl5,2013014,2,6,6,5,7
pl5,2013015,6,4,7,9,0
pl5,2013016,7,0,8,5,6
pl5,2013017,3,5,9,2,3
pl5,2013018,8,2,4,5,3
pl5,2013019,5,6,7,7,9
pl5,2013020,9,6,3,2,8
pl5,2013021,7,1,9,4,8
pl5,2013022,7,4,4,7,1
pl5,2013023,6,7,2,0,4
pl5,2013024,8,5,9,4,9
pl5,2013025,3,2,2,6,6
pl5,2013026,8,9,5,4,5
pl5,2013027,4,9,0,7,0
pl5,2013028,0,7,2,9,1
pl5,2013029,7,2,2,5,8
pl5,2013030,3,5,4,6,7
pl5,2013031,5,9,3,3,4
pl5,2013032,8,9,8,7,6
pl5,2013033,3,2,5,3,8
pl5,2013034,6,9,0,1,0
pl5,2013035,4,4,6,4,5
pl5,2013036,9,2,1,4,1
pl5,2013037,3,6,5,6,8
pl5,2013038,8,0,6,7,7
pl5,2013039,9,1,1,5,0
pl5,2013040,8,9,8,5,5
pl5,2013041,9,8,6,4,2
pl5,2013042,0,9,1,1,8
pl5,2013043,5,3,0,7,0
pl5,2013044,7,3,1,3,1
pl5,2013045,2,9,9,0,2
pl5,2013046,4,4,6,5,3
pl5,2013047,0,7,2,0,5
pl5,2013048,2,6,3,4,4
pl5,2013049,7,2,8,1,4
pl5,2013050,2,2,1,8,1
pl5,2013051,6,5,2,7,2
pl5,2013052,6,4,2,1,6
pl5,2013053,2,1,2,0,0
pl5,2013054,7,3,2,6,3
pl5,2013055,0,5,3,0,4
pl5,2013056,4,8,1,7,6
pl5,2013057,6,3,9,9,7
pl5,2013058,2,4,8,3,3
pl5,2013059,9,5,4,3,3
pl5,2013060,5,3,0,7,0
pl5,2013061,1,0,6,7,5
pl5,2013062,1,4,3,5,4
pl5,2013063,8,8,2,3,4
pl5,2013064,4,6,5,4,4
pl5,2013065,2,2,2,7,8
pl5,2013066,1,5,8,1,8
pl5,2013067,0,4,4,6,4
pl5,2013068,2,4,4,8,3
pl5,2013069,1,1,9,2,1
pl5,2013070,1,4,9,1,1
pl5,2013071,0,4,0,2,0
pl5,2013072,3,3,0,7,4
pl5,2013073,0,4,3,5,7
pl5,2013074,8,5,8,2,6
pl5,2013075,9,5,4,1,7
pl5,2013076,5,4,5,5,4
pl5,2013077,9,1,1,0,8
pl5,2013078,6,6,6,2,3
pl5,2013079,1,5,4,9,0
pl5,2013080,2,3,7,3,9
pl5,2013081,8,4,2,4,8
pl5,2013082,5,4,6,9,6
pl5,2013083,7,5,2,0,7
pl5,2013084,1,2,5,9,2
pl5,2013085,5,2,7,0,8
pl5,2013086,6,7,9,4,7
pl5,2013087,0,0,7,6,2
pl5,2013088,8,0,6,0,9
pl5,2013089,0,3,0,7,0
pl5,2013090,1,4,3,6,1
pl5,2013091,0,2,2,9,1
pl5,2013092,6,9,1,2,2
pl5,2013093,4,7,3,6,7
pl5,2013094,5,0,2,2,0
pl5,2013095,5,0,2,0,0
pl5,2013096,3,4,2,2,8
pl5,2013097,4,9,3,1,8
pl5,2013098,2,4,9,0,9
pl5,2013099,0,7,8,8,6
pl5,2013100,7,6,4,0,1
pl5,2013101,2,3,8,4,9
pl5,2013102,8,6,2,5,2
pl5,2013103,9,7,9,1,6
pl5,2013104,8,4,5,8,7
pl5,2013105,8,2,0,5,2
pl5,2013106,5,1,1,1,6
pl5,2013107,7,6,0,3,6
pl5,2013108,3,2,0,6,5
pl5,2013109,0,6,2,7,8
pl5,2013110,1,6,4,6,9
pl5,2013111,1,8,1,4,8
pl5,2013112,6,0,6,2,1
pl5,2013113,5,9,3,8,3
pl5,2013114,2,4,6,4,8
pl5,2013115,9,8,8,0,9
pl5,2013116,0,4,7,5,7
pl5,2013117,8,2,9,4,3
pl5,2013118,4,0,5,2,1
pl5,2013119,0,9,9,2,2
pl5,2013120,2,9,0,9,3
pl5,2013121,5,6,5,9,3
pl5,2013122,8,7,7,7,2
pl5,2013123,0,5,7,8,5
pl5,2013124,3,6,3,1,3
pl5,2013125,4,4,3,1,9
pl5,2013126,6,3,0,1,0
pl5,2013127,5,3,9,7,3
pl5,2013128,0,8,2,2,3
pl5,2013129,0,8,6,8,0
pl5,2013130,0,4,3,5,8
pl5,2013131,3,9,2,9,4
pl5,2013132,1,0,4,0,0
pl5,2013133,0,2,2,1,7
pl5,2013134,2,6,0,2,1
pl5,2013135,3,4,9,1,6
pl5,2013136,5,6,8,0,5
pl5,2013137,1,0,2,8,2
pl5,2013138,0,4,0,8,5
pl5,2013139,0,3,2,1,2
pl5,2013140,8,5,7,0,3
pl5,2013141,4,6,2,1,3
pl5,2013142,9,1,4,5,1
pl5,2013143,8,6,2,8,8
pl5,2013144,1,5,2,4,7
pl5,2013145,2,8,0,3,6
pl5,2013146,7,2,1,0,8
pl5,2013147,6,2,2,3,8
pl5,2013148,8,0,3,7,7
pl5,2013149,9,3,6,7,4
pl5,2013150,0,3,6,8,8
pl5,2013151,8,7,6,0,3
pl5,2013152,4,3,8,2,4
pl5,2013153,2,7,0,0,9
pl5,2013154,9,5,4,3,9
pl5,2013155,0,9,6,4,5
pl5,2013156,1,2,8,9,3
pl5,2013157,5,8,8,9,9
pl5,2013158,4,7,0,0,0
pl5,2013159,5,5,4,0,6
pl5,2013160,0,3,6,5,7
pl5,2013161,1,3,3,5,9
pl5,2013162,1,9,9,5,9
pl5,2013163,1,4,2,6,7
pl5,2013164,9,5,1,4,8
pl5,2013165,5,8,1,9,1
pl5,2013166,4,4,4,1,1
pl5,2013167,3,4,1,8,1
pl5,2013168,8,4,4,8,9
pl5,2013169,2,7,3,2,0
pl5,2013170,4,7,8,2,0
pl5,2013171,0,2,7,3,0
pl5,2013172,2,1,9,9,6
pl5,2013173,3,8,4,0,7
pl5,2013174,2,6,1,0,4
pl5,2013175,6,5,2,2,9
pl5,2013176,6,4,1,0,4
pl5,2013177,3,9,6,9,2
pl5,2013178,6,2,4,8,0
pl5,2013179,5,1,1,3,0
pl5,2013180,6,6,9,9,3
pl5,2013181,1,5,3,6,2
pl5,2013182,6,5,8,9,5
pl5,2013183,4,5,2,0,8
pl5,2013184,8,2,9,0,5
pl5,2013185,2,8,6,3,7
pl5,2013186,5,9,2,5,5
pl5,2013187,2,6,6,6,4
pl5,2013188,6,5,4,4,3
pl5,2013189,2,9,5,7,6
pl5,2013190,1,5,7,0,5
pl5,2013191,4,7,3,4,4
pl5,2013192,5,5,6,6,5
pl5,2013193,7,7,5,4,5
pl5,2013194,5,0,8,2,3
pl5,2013195,5,0,0,9,8
pl5,2013196,6,6,6,8,9
pl5,2013197,2,8,0,4,1
pl5,2013198,5,5,3,6,7
pl5,2013199,6,6,1,2,7
pl5,2013200,4,6,8,8,8
pl5,2013201,2,2,8,4,7
pl5,2013202,1,3,7,0,8
pl5,2013203,0,3,1,8,3
pl5,2013204,4,9,9,4,0
pl5,2013205,8,4,3,0,3
pl5,2013206,1,7,3,8,5
pl5,2013207,9,5,9,8,0
pl5,2013208,4,2,1,9,9
pl5,2013209,5,6,2,5,1
pl5,2013210,5,3,9,0,4
pl5,2013211,7,3,4,0,0
pl5,2013212,1,4,3,4,1
pl5,2013213,3,3,8,8,0
pl5,2013214,7,7,9,8,8
pl5,2013215,5,4,1,3,5
pl5,2013216,0,0,5,6,2
pl5,2013217,8,9,8,5,8
pl5,2013218,1,4,7,8,2
pl5,2013219,5,2,7,9,3
pl5,2013220,3,0,0,3,1
pl5,2013221,6,0,9,5,6
pl5,2013222,6,0,5,6,2
pl5,2013223,5,7,1,0,2
pl5,2013224,0,0,0,0,9
pl5,2013225,9,5,2,2,1
pl5,2013226,0,8,3,8,2
pl5,2013227,5,5,9,0,3
pl5,2013228,7,5,6,6,8
pl5,2013229,2,9,0,6,7
pl5,2013230,4,5,2,6,2
pl5,2013231,0,5,9,3,5
pl5,2013232,6,4,7,9,5
pl5,2013233,4,2,2,0,3
pl5,2013234,5,6,5,1,1
pl5,2013235,9,0,9,8,4
pl5,2013236,5,5,7,8,0
pl5,2013237,6,8,2,6,3
pl5,2013238,6,9,5,7,8
pl5,2013239,6,9,2,6,0
pl5,2013240,7,5,1,0,8
pl5,2013241,8,6,6,8,6
pl5,2013242,5,1,1,2,4
pl5,2013243,4,8,1,8,9
pl5,2013244,6,4,2,4,7
pl5,2013245,3,0,4,3,7
pl5,2013246,2,7,4,5,5
pl5,2013247,6,7,3,0,8
pl5,2013248,4,7,7,7,3
pl5,2013249,6,9,0,5,5
pl5,2013250,7,1,4,2,3
pl5,2013251,6,5,9,1,3
pl5,2013252,9,7,8,2,4
pl5,2013253,6,8,7,5,6
pl5,2013254,8,3,8,9,8
pl5,2013255,0,1,5,5,1
pl5,2013256,2,8,6,7,0
pl5,2013257,6,2,7,6,2
pl5,2013258,9,3,0,7,3
pl5,2013259,0,4,4,2,0
pl5,2013260,8,5,4,2,4
pl5,2013261,5,6,3,4,8
pl5,2013262,4,3,3,2,0
pl5,2013263,5,2,1,9,4
pl5,2013264,0,3,5,3,6
pl5,2013265,8,2,1,3,4
pl5,2013266,9,2,6,2,9
pl5,2013267,9,1,5,0,3
pl5,2013268,8,3,1,2,1
pl5,2013269,3,0,5,7,8
pl5,2013270,2,5,3,9,2
pl5,2013271,7,9,1,6,9
pl5,2013272,6,9,0,8,6
pl5,2013273,4,1,8,6,5
pl5,2013274,6,9,5,8,0
pl5,2013275,1,6,5,1,0
pl5,2013276,8,4,5,5,5
pl5,2013277,4,5,3,8,7
pl5,2013278,3,9,3,8,3
pl5,2013279,9,0,0,6,3
pl5,2013280,5,7,5,0,8
pl5,2013281,9,9,7,5,9
pl5,2013282,9,0,1,1,2
pl5,2013283,3,1,4,3,1
pl5,2013284,8,5,4,8,8
pl5,2013285,5,7,1,5,6
pl5,2013286,2,4,7,5,4
pl5,2013287,9,0,9,7,3
pl5,2013288,9,2,6,8,8
pl5,2013289,6,0,7,7,4
pl5,2013290,6,6,3,0,0
pl5,2013291,5,5,6,6,4
pl5,2013292,9,4,9,4,2
pl5,2013293,4,2,1,8,6
pl5,2013294,7,3,2,6,1
pl5,2013295,8,2,0,5,3
pl5,2013296,5,5,7,1,2
pl5,2013297,3,8,9,9,5
pl5,2013298,3,3,7,5,3
pl5,2013299,0,8,7,6,6
pl5,2013300,1,9,2,4,1
pl5,2013301,3,7,6,4,1
pl5,2013302,3,1,6,0,1
pl5,2013303,8,2,0,0,2
pl5,2013304,0,1,4,8,4
pl5,2013305,2,3,8,1,7
pl5,2013306,1,2,0,6,5
pl5,2013307,5,9,8,8,1
pl5,2013308,2,5,7,3,1
pl5,2013309,3,0,8,9,4
pl5,2013310,8,7,3,7,3
pl5,2013311,6,9,4,2,0
pl5,2013312,4,6,9,6,1
pl5,2013313,7,1,3,4,8
pl5,2013314,7,0,0,7,7
pl5,2013315,4,9,7,9,9
pl5,2013316,8,3,2,4,0
pl5,2013317,4,5,5,2,1
pl5,2013318,7,8,0,0,5
pl5,2013319,9,1,8,3,0
pl5,2013320,3,8,8,7,4
pl5,2013321,8,0,0,9,0
pl5,2013322,1,5,7,9,7
pl5,2013323,5,2,5,7,2
pl5,2013324,1,6,9,6,6
pl5,2013325,7,7,5,9,3
pl5,2013326,3,3,1,0,9
pl5,2013327,7,7,5,1,5
pl5,2013328,9,0,1,9,2
pl5,2013329,3,5,8,1,9
pl5,2013330,8,9,3,5,5
pl5,2013331,1,8,9,4,4
pl5,2013332,7,2,6,6,7
pl5,2013333,6,6,5,1,9
pl5,2013334,4,3,9,4,5
pl5,2013335,8,5,2,2,8
pl5,2013336,1,6,6,8,1
pl5,2013337,3,2,6,5,2
pl5,2013338,5,4,9,2,6
pl5,2013339,9,5,8,3,9
pl5,2013340,4,1,4,0,5
pl5,2013341,1,5,6,4,1
pl5,2013342,2,5,4,0,4
pl5,2013343,6,6,1,5,9
pl5,2013344,1,1,0,0,6
pl5,2013345,0,6,7,8,8
pl5,2013346,7,6,7,4,6
pl5,2013347,7,9,7,1,0
pl5,2013348,5,6,6,6,1
pl5,2013349,8,3,3,7,6
pl5,2013350,0,5,2,1,1
pl5,2013351,2,1,1,7,8
pl5,2013352,4,5,4,2,8
pl5,2013353,5,8,9,4,4
pl5,2013354,9,9,7,9,7
pl5,2013355,0,3,0,9,1
pl5,2013356,8,0,0,5,7
pl5,2013357,1,5,4,7,4
pl5,2013358,9,8,8,0,2
pl5,2014001,9,6,3,4,9
pl5,2014002,3,7,5,9,1
pl5,2014003,6,1,2,9,9
pl5,2014004,9,2,9,0,9
pl5,2014005,1,2,1,5,4
pl5,2014006,3,4,4,5,9
pl5,2014007,4,2,4,8,0
pl5,2014008,1,3,4,7,5
pl5,2014009,6,1,8,5,6
pl5,2014010,4,1,6,4,2
pl5,2014011,5,3,7,3,3
pl5,2014012,9,0,2,3,9
pl5,2014013,6,0,0,8,7
pl5,2014014,5,3,5,0,9
pl5,2014015,1,7,5,0,8
pl5,2014016,9,8,2,4,3
pl5,2014017,0,7,1,5,4
pl5,2014018,0,2,1,6,8
pl5,2014019,4,3,0,7,3
pl5,2014020,1,8,2,0,2
pl5,2014021,3,5,4,6,0
pl5,2014022,6,0,3,4,4
pl5,2014023,6,4,9,8,1
pl5,2014024,2,2,4,8,3
pl5,2014025,2,0,7,4,7
pl5,2014026,1,0,7,4,7
pl5,2014027,7,2,7,1,8
pl5,2014028,4,4,0,1,2
pl5,2014029,6,0,5,7,8
pl5,2014030,4,0,5,8,4
pl5,2014031,8,9,1,8,4
pl5,2014032,2,6,6,6,9
pl5,2014033,9,4,9,1,9
pl5,2014034,5,1,8,6,6
pl5,2014035,4,6,7,0,4
pl5,2014036,1,0,4,5,0
pl5,2014037,1,8,5,7,1
pl5,2014038,2,9,1,5,9
pl5,2014039,9,2,2,2,8
pl5,2014040,9,0,1,8,9
pl5,2014041,7,2,5,4,7
pl5,2014042,3,6,3,8,3
pl5,2014043,5,0,1,0,4
pl5,2014044,3,5,4,2,8
pl5,2014045,7,4,7,2,9
pl5,2014046,5,8,4,2,1
pl5,2014047,8,9,8,6,9
pl5,2014048,8,6,1,1,5
pl5,2014049,9,0,8,9,4
pl5,2014050,4,2,4,3,9
pl5,2014051,5,3,6,4,2
pl5,2014052,0,3,2,5,7
pl5,2014053,8,1,2,3,6
pl5,2014054,7,2,5,8,2
pl5,2014055,8,0,7,3,7
pl5,2014056,6,7,8,2,9
pl5,2014057,5,0,1,5,9
pl5,2014058,3,2,2,6,9
pl5,2014059,4,2,9,4,0
pl5,2014060,9,3,2,3,8
pl5,2014061,2,2,5,0,5
pl5,2014062,3,8,2,3,2
pl5,2014063,4,7,8,2,8
pl5,2014064,2,1,8,1,4
pl5,2014065,2,9,0,3,1
pl5,2014066,0,0,3,3,4
pl5,2014067,3,1,8,0,3
pl5,2014068,1,0,2,3,8
pl5,2014069,0,6,4,4,0
pl5,2014070,1,1,9,2,1
pl5,2014071,2,9,2,4,0
pl5,2014072,4,8,8,7,4
pl5,2014073,0,4,2,6,8
pl5,2014074,5,0,0,0,1
pl5,2014075,4,1,4,7,5
pl5,2014076,3,8,2,7,0
pl5,2014077,7,4,7,6,5
pl5,2014078,4,6,7,6,1
pl5,2014079,7,9,4,1,9
pl5,2014080,5,8,7,4,6
pl5,2014081,2,0,6,3,9
pl5,2014082,3,2,4,1,8
pl5,2014083,0,9,3,2,1
pl5,2014084,9,8,7,0,3
pl5,2014085,2,4,3,1,5
pl5,2014086,7,9,5,2,5
pl5,2014087,8,4,4,1,9
pl5,2014088,5,7,1,9,4
pl5,2014089,6,6,0,9,3
pl5,2014090,8,3,8,9,6
pl5,2014091,4,9,6,7,9
pl5,2014092,5,0,8,3,8
pl5,2014093,1,9,6,1,0
pl5,2014094,1,8,9,1,9
pl5,2014095,7,7,5,7,3
pl5,2014096,2,1,6,4,3
pl5,2014097,7,7,4,7,5
pl5,2014098,1,3,9,4,8
pl5,2014099,4,6,4,4,5
pl5,2014100,2,6,9,5,2
pl5,2014101,1,0,9,9,4
pl5,2014102,7,5,0,9,4
pl5,2014103,8,3,2,4,2
pl5,2014104,5,7,6,2,0
pl5,2014105,4,9,0,3,1
pl5,2014106,0,8,2,1,0
pl5,2014107,6,3,9,2,9
pl5,2014108,1,6,8,5,1
pl5,2014109,6,5,2,9,0
pl5,2014110,4,7,5,5,0
pl5,2014111,9,0,5,4,3
pl5,2014112,0,1,3,9,1
pl5,2014113,7,5,8,4,0
pl5,2014114,2,1,4,3,3
pl5,2014115,1,6,5,7,4
pl5,2014116,9,0,6,3,1
pl5,2014117,8,9,5,1,8
pl5,2014118,1,9,4,3,8
pl5,2014119,9,0,4,9,5
pl5,2014120,2,4,4,4,6
pl5,2014121,5,8,0,7,1
pl5,2014122,2,0,3,9,6
pl5,2014123,8,3,1,7,2
pl5,2014124,3,9,5,8,2
pl5,2014125,1,4,7,4,0
pl5,2014126,8,4,8,4,2
pl5,2014127,2,2,7,8,8
pl5,2014128,2,1,5,1,3
pl5,2014129,0,8,8,4,8
pl5,2014130,0,1,4,2,4
pl5,2014131,5,9,4,1,7
pl5,2014132,3,5,1,6,5
pl5,2014133,0,0,6,2,9
pl5,2014134,6,3,3,1,7
pl5,2014135,1,4,4,6,5
pl5,2014136,2,6,8,3,4
pl5,2014137,5,5,8,2,6
pl5,2014138,3,8,7,5,1
pl5,2014139,1,3,8,8,4
pl5,2014140,7,6,6,3,2
pl5,2014141,8,1,0,2,1
pl5,2014142,6,5,6,4,0
pl5,2014143,6,7,5,8,6
pl5,2014144,8,6,5,7,1
pl5,2014145,4,1,5,3,8
pl5,2014146,8,1,8,8,1
pl5,2014147,1,4,2,8,4
pl5,2014148,2,9,5,0,8
pl5,2014149,6,8,9,7,1
pl5,2014150,0,2,8,0,2
pl5,2014151,9,8,7,2,1
pl5,2014152,0,2,8,0,6
pl5,2014153,3,0,8,9,0
pl5,2014154,2,6,8,9,2
pl5,2014155,2,1,3,4,1
pl5,2014156,1,5,9,8,5
pl5,2014157,0,7,9,9,0
pl5,2014158,3,7,0,9,2
pl5,2014159,0,9,0,6,0
pl5,2014160,9,2,8,5,2
pl5,2014161,5,5,0,9,4
pl5,2014162,7,2,9,1,9
pl5,2014163,3,0,2,8,3
pl5,2014164,9,9,3,4,9
pl5,2014165,1,5,2,9,0
pl5,2014166,0,9,9,3,3
pl5,2014167,7,6,5,0,7
pl5,2014168,1,9,8,6,3
pl5,2014169,1,0,4,6,2
pl5,2014170,2,5,7,4,7
pl5,2014171,6,3,0,9,1
pl5,2014172,9,5,9,8,1
pl5,2014173,8,8,8,8,7
pl5,2014174,4,0,9,7,5
pl5,2014175,6,9,1,0,9
pl5,2014176,0,3,4,6,4
pl5,2014177,5,8,0,4,3
pl5,2014178,9,0,9,1,1
pl5,2014179,2,6,4,9,9
pl5,2014180,7,5,9,1,4
pl5,2014181,7,2,7,5,9
pl5,2014182,7,5,3,8,0
pl5,2014183,7,7,4,9,6
pl5,2014184,5,2,3,3,5
pl5,2014185,4,5,2,5,1
pl5,2014186,6,0,5,7,2
pl5,2014187,3,2,6,5,8
pl5,2014188,3,0,2,2,1
pl5,2014189,5,5,0,3,7
pl5,2014190,5,3,7,6,6
pl5,2014191,7,5,7,0,5
pl5,2014192,5,3,9,1,5
pl5,2014193,5,1,3,6,6
pl5,2014194,0,4,6,4,8
pl5,2014195,8,4,0,6,8
pl5,2014196,4,6,0,1,8
pl5,2014197,9,7,4,2,8
pl5,2014198,8,9,3,8,8
pl5,2014199,2,5,1,3,7
pl5,2014200,0,2,5,7,4
pl5,2014201,8,3,4,7,3
pl5,2014202,4,7,5,5,3
pl5,2014203,4,1,1,8,3
pl5,2014204,5,6,4,7,4
pl5,2014205,9,0,7,7,3
pl5,2014206,9,0,6,4,8
pl5,2014207,1,4,7,3,2
pl5,2014208,7,7,8,8,9
pl5,2014209,7,1,2,2,0
pl5,2014210,4,0,5,8,5
pl5,2014211,2,0,5,7,4
pl5,2014212,0,5,6,1,0
pl5,2014213,7,7,5,9,5
pl5,2014214,2,1,4,3,0
pl5,2014215,6,0,9,8,1
pl5,2014216,0,3,3,3,4
pl5,2014217,1,3,7,7,1
pl5,2014218,8,0,8,8,3
pl5,2014219,2,9,5,1,1
pl5,2014220,4,4,9,1,9
pl5,2014221,2,7,2,3,7
pl5,2014222,5,0,4,5,2
pl5,2014223,8,0,4,5,5
pl5,2014224,6,9,6,7,3
pl5,2014225,7,9,2,1,7
pl5,2014226,1,9,3,6,8
pl5,2014227,3,2,6,7,4
pl5,2014228,2,4,3,4,6
pl5,2014229,4,7,4,5,8
pl5,2014230,0,8,3,0,5
pl5,2014231,4,6,3,2,6
pl5,2014232,6,1,4,6,0
pl5,2014233,9,2,1,6,9
pl5,2014234,0,7,1,3,7
pl5,2014235,7,4,8,0,2
pl5,2014236,8,4,1,4,6
pl5,2014237,6,8,5,8,6
pl5,2014238,4,1,9,7,7
pl5,2014239,7,2,4,7,7
pl5,2014240,8,6,4,5,7
pl5,2014241,8,5,8,5,9
pl5,2014242,2,4,5,4,0
pl5,2014243,7,9,9,0,3
pl5,2014244,3,0,2,1,8
pl5,2014245,6,1,9,2,3
pl5,2014246,2,2,2,3,3
pl5,2014247,2,2,9,1,2
pl5,2014248,4,4,1,2,6
pl5,2014249,8,1,0,8,3
pl5,2014250,1,7,7,3,9
pl5,2014251,4,2,1,4,2
pl5,2014252,5,5,7,8,2
pl5,2014253,4,4,1,3,0
pl5,2014254,9,2,4,7,1
pl5,2014255,6,9,1,4,3
pl5,2014256,7,7,1,4,0
pl5,2014257,6,6,6,0,4
pl5,2014258,4,5,2,3,3
pl5,2014259,1,1,0,4,4
pl5,2014260,3,6,6,7,7
pl5,2014261,4,1,2,6,2
pl5,2014262,2,1,9,2,0
pl5,2014263,8,5,7,5,2
pl5,2014264,1,0,7,5,5
pl5,2014265,4,5,9,2,5
pl5,2014266,5,0,6,9,5
pl5,2014267,1,4,9,3,5
pl5,2014268,7,4,0,6,7
pl5,2014269,0,3,2,5,6
pl5,2014270,6,5,8,5,5
pl5,2014271,7,7,0,5,7
pl5,2014272,4,1,7,3,3
pl5,2014273,5,8,5,3,2
pl5,2014274,4,7,5,3,2
pl5,2014275,2,8,6,1,3
pl5,2014276,4,9,7,2,7
pl5,2014277,5,1,3,3,1
pl5,2014278,7,3,9,4,7
pl5,2014279,5,9,2,9,9
pl5,2014280,1,3,1,7,4
pl5,2014281,7,9,4,4,6
pl5,2014282,5,9,0,7,4
pl5,2014283,3,4,3,9,2
pl5,2014284,0,1,8,6,5
pl5,2014285,8,2,6,4,4
pl5,2014286,9,8,8,0,0
pl5,2014287,2,7,5,9,5
pl5,2014288,2,4,5,2,9
pl5,2014289,0,4,8,4,5
pl5,2014290,4,3,3,2,7
pl5,2014291,4,8,8,0,7
pl5,2014292,8,4,1,8,2
pl5,2014293,3,5,9,9,5
pl5,2014294,8,1,5,6,2
pl5,2014295,7,9,4,6,9
pl5,2014296,3,9,9,7,9
pl5,2014297,8,8,8,1,1
pl5,2014298,2,8,0,5,2
pl5,2014299,5,3,2,5,3
pl5,2014300,2,9,0,1,7
pl5,2014301,5,2,4,2,2
pl5,2014302,8,6,2,5,3
pl5,2014303,0,7,8,1,5
pl5,2014304,7,5,0,2,5
pl5,2014305,0,0,4,8,7
pl5,2014306,1,3,1,0,6
pl5,2014307,2,9,6,3,9
pl5,2014308,1,8,0,9,1
pl5,2014309,3,8,2,8,8
pl5,2014310,4,8,9,1,8
pl5,2014311,2,9,6,8,1
pl5,2014312,3,7,7,5,5
pl5,2014313,4,0,2,0,3
pl5,2014314,7,9,5,3,3
pl5,2014315,1,5,3,4,2
pl5,2014316,3,7,1,5,9
pl5,2014317,0,5,9,1,1
pl5,2014318,5,9,4,5,1
pl5,2014319,6,9,6,5,7
pl5,2014320,2,3,6,0,7
pl5,2014321,6,5,2,9,7
pl5,2014322,9,6,9,8,3
pl5,2014323,8,2,6,1,2
pl5,2014324,5,8,9,1,8
pl5,2014325,0,3,7,6,6
pl5,2014326,8,8,1,5,3
pl5,2014327,3,5,4,4,3
pl5,2014328,5,4,3,2,0
pl5,2014329,3,5,9,7,6
pl5,2014330,7,8,0,0,6
pl5,2014331,7,1,3,5,0
pl5,2014332,6,6,6,9,2
pl5,2014333,6,9,5,6,4
pl5,2014334,3,9,4,4,0
pl5,2014335,9,0,1,2,8
pl5,2014336,7,5,3,5,6
pl5,2014337,6,6,2,2,2
pl5,2014338,3,9,8,5,0
pl5,2014339,5,8,9,8,9
pl5,2014340,1,2,9,2,3
pl5,2014341,7,1,1,7,3
pl5,2014342,9,7,6,8,9
pl5,2014343,6,8,7,8,6
pl5,2014344,0,9,7,4,2
pl5,2014345,5,1,2,4,9
pl5,2014346,2,0,4,4,4
pl5,2014347,9,8,2,3,1
pl5,2014348,1,6,8,4,8
pl5,2014349,6,6,1,6,2
pl5,2014350,2,6,6,5,7
pl5,2014351,6,8,8,4,7
pl5,2014352,0,6,0,0,8
pl5,2014353,3,5,5,6,5
pl5,2014354,0,6,9,5,8
pl5,2014355,9,5,0,0,0
pl5,2014356,7,8,6,8,9
pl5,2014357,3,6,2,8,5
pl5,2015001,3,9,7,4,0
pl5,2015002,7,4,9,8,4
pl5,2015003,5,2,4,7,2
pl5,2015004,1,4,2,8,2
pl5,2015005,6,9,3,9,6
pl5,2015006,9,4,7,8,6
pl5,2015007,0,3,9,3,3
pl5,2015008,6,1,3,8,2
pl5,2015009,5,7,4,9,1
pl5,2015010,8,6,2,2,6
pl5,2015011,3,1,8,2,6
pl5,2015012,8,6,4,9,6
pl5,2015013,4,1,2,0,7
pl5,2015014,4,0,3,7,2
pl5,2015015,8,4,5,4,1
pl5,2015016,2,9,0,8,4
pl5,2015017,8,8,0,0,5
pl5,2015018,8,3,1,1,6
pl5,2015019,9,1,4,8,6
pl5,2015020,2,1,6,6,2
pl5,2015021,3,3,9,5,2
pl5,2015022,7,5,8,9,4
pl5,2015023,4,9,6,8,4
pl5,2015024,6,0,6,1,0
pl5,2015025,3,8,1,1,9
pl5,2015026,8,3,3,2,7
pl5,2015027,2,8,1,1,8
pl5,2015028,3,5,7,4,4
pl5,2015029,9,2,7,5,9
pl5,2015030,8,2,0,6,4
pl5,2015031,5,2,4,3,0
pl5,2015032,4,1,3,4,3
pl5,2015033,9,8,6,3,7
pl5,2015034,0,4,9,3,5
pl5,2015035,6,7,4,5,3
pl5,2015036,8,7,1,1,5
pl5,2015037,1,5,1,9,6
pl5,2015038,9,2,2,3,1
pl5,2015039,5,4,8,5,8
pl5,2015040,4,6,6,9,7
pl5,2015041,5,3,8,4,2
pl5,2015042,2,3,2,7,1
pl5,2015043,7,5,1,3,5
pl5,2015044,7,2,5,4,5
pl5,2015045,5,7,7,0,9
pl5,2015046,3,0,5,3,3
pl5,2015047,8,0,0,4,5
pl5,2015048,0,8,5,2,9
pl5,2015049,2,5,1,4,6
pl5,2015050,0,3,9,1,9
pl5,2015051,9,5,1,7,9
pl5,2015052,5,9,8,1,1
pl5,2015053,7,4,7,1,9
pl5,2015054,0,6,3,3,3
pl5,2015055,9,6,9,9,6
pl5,2015056,8,1,3,0,7
pl5,2015057,7,7,9,6,0
pl5,2015058,8,8,9,2,9
pl5,2015059,0,2,4,5,5
pl5,2015060,4,4,7,2,7
pl5,2015061,9,1,8,1,6
pl5,2015062,0,6,8,5,7
pl5,2015063,1,3,8,5,3
pl5,2015064,5,2,7,5,8
pl5,2015065,6,9,6,2,6
pl5,2015066,2,0,8,2,7
pl5,2015067,7,1,8,5,7
pl5,2015068,5,5,9,7,1
pl5,2015069,9,8,6,1,8
pl5,2015070,4,1,8,7,6
pl5,2015071,7,5,9,0,9
pl5,2015072,7,9,3,4,6
pl5,2015073,9,4,2,1,0
pl5,2015074,4,4,1,6,2
pl5,2015075,4,2,3,0,1
pl5,2015076,9,3,7,6,1
pl5,2015077,9,6,5,9,6
pl5,2015078,1,1,4,8,3
pl5,2015079,5,2,8,0,6
pl5,2015080,3,2,0,1,4
pl5,2015081,6,0,3,1,8
pl5,2015082,2,5,5,1,5
pl5,2015083,0,1,3,1,7
pl5,2015084,9,4,1,5,5
pl5,2015085,4,1,6,5,2
pl5,2015086,9,3,0,0,9
pl5,2015087,0,1,3,4,4
pl5,2015088,1,0,8,1,0
pl5,2015089,6,5,4,8,9
pl5,2015090,6,8,4,8,3
pl5,2015091,7,9,5,1,5
pl5,2015092,7,0,3,1,0
pl5,2015093,6,0,2,4,5
pl5,2015094,5,4,6,2,9
pl5,2015095,2,3,7,8,8
pl5,2015096,2,1,8,2,9
pl5,2015097,6,8,8,3,1
pl5,2015098,4,1,3,1,2
pl5,2015099,7,7,1,5,8
pl5,2015100,5,3,6,6,8
pl5,2015101,6,3,3,2,8
pl5,2015102,3,9,5,3,0
pl5,2015103,4,9,9,0,1
pl5,2015104,9,8,6,5,6
pl5,2015105,7,0,0,4,1
pl5,2015106,6,8,8,9,8
pl5,2015107,7,1,0,6,1
pl5,2015108,8,6,5,3,8
pl5,2015109,6,4,9,7,9
pl5,2015110,8,2,4,5,4
pl5,2015111,9,7,2,1,4
pl5,2015112,9,7,1,8,8
pl5,2015113,7,7,7,2,4
pl5,2015114,3,1,0,7,0
pl5,2015115,6,2,3,0,2
pl5,2015116,7,6,8,7,4
pl5,2015117,7,6,0,9,8
pl5,2015118,2,7,3,5,5
pl5,2015119,6,1,4,4,0
pl5,2015120,8,7,4,9,3
pl5,2015121,6,4,0,3,7
pl5,2015122,6,7,5,4,8
pl5,2015123,5,9,0,4,2
pl5,2015124,5,1,3,3,3
pl5,2015125,5,4,4,0,0
pl5,2015126,2,1,1,2,5
pl5,2015127,0,8,1,8,1
pl5,2015128,8,9,2,3,3
pl5,2015129,2,3,2,7,1
pl5,2015130,5,1,2,2,8
pl5,2015131,7,7,4,7,2
pl5,2015132,3,9,3,9,6
pl5,2015133,9,5,6,2,6
pl5,2015134,1,5,6,9,1
pl5,2015135,0,2,7,5,6
pl5,2015136,8,8,4,3,8
pl5,2015137,2,2,9,8,4
pl5,2015138,4,7,3,2,0
pl5,2015139,8,1,1,1,2
pl5,2015140,6,7,7,9,3
pl5,2015141,9,2,9,2,7
pl5,2015142,2,9,6,6,3
pl5,2015143,2,4,0,4,0
pl5,2015144,0,5,4,5,8
pl5,2015145,6,2,7,0,1
pl5,2015146,3,1,8,8,4
pl5,2015147,0,7,5,0,6
pl5,2015148,1,6,1,5,6
pl5,2015149,0,8,4,4,0
pl5,2015150,7,7,5,8,2
pl5,2015151,4,5,5,1,8
pl5,2015152,6,8,1,7,6
pl5,2015153,0,8,8,0,3
pl5,2015154,2,2,4,4,5
pl5,2015155,4,0,5,3,9
pl5,2015156,9,7,3,7,1
pl5,2015157,0,8,4,3,2
pl5,2015158,7,6,3,9,2
pl5,2015159,7,2,2,0,2
pl5,2015160,1,7,3,1,0
pl5,2015161,6,6,2,7,8
pl5,2015162,0,7,6,8,5
pl5,2015163,6,4,6,3,2
pl5,2015164,3,9,2,9,0
pl5,2015165,3,8,9,8,4
pl5,2015166,5,3,3,9,7
pl5,2015167,3,5,6,9,2
pl5,2015168,7,4,4,0,9
pl5,2015169,1,6,0,4,0
pl5,2015170,9,0,0,2,5
pl5,2015171,4,1,0,5,1
pl5,2015172,4,0,6,0,5
pl5,2015173,5,3,7,9,5
pl5,2015174,9,3,4,7,5
pl5,2015175,6,1,6,1,1
pl5,2015176,7,6,2,0,7
pl5,2015177,0,7,0,1,1
pl5,2015178,7,2,0,1,5
pl5,2015179,5,3,5,9,6
pl5,2015180,0,2,0,2,0
pl5,2015181,8,6,8,0,1
pl5,2015182,7,8,4,5,1
pl5,2015183,6,5,3,6,4
pl5,2015184,2,9,1,1,3
pl5,2015185,7,9,8,5,9
pl5,2015186,7,8,5,2,9
pl5,2015187,0,5,8,7,9
pl5,2015188,3,1,9,4,2
pl5,2015189,7,6,2,9,9
pl5,2015190,6,8,8,9,6
pl5,2015191,5,1,4,3,3
pl5,2015192,6,6,6,8,1
pl5,2015193,7,0,2,0,1
pl5,2015194,2,7,7,4,8
pl5,2015195,9,4,6,6,1
pl5,2015196,8,6,2,5,2
pl5,2015197,4,0,2,1,2
pl5,2015198,3,1,3,3,6
pl5,2015199,8,6,7,9,7
pl5,2015200,9,3,4,8,0
pl5,2015201,0,6,3,8,2
pl5,2015202,3,9,5,0,2
pl5,2015203,6,4,7,2,8
pl5,2015204,0,6,8,4,4
pl5,2015205,2,1,2,2,8
pl5,2015206,8,8,1,8,4
pl5,2015207,3,3,8,5,7
pl5,2015208,3,5,3,4,3
pl5,2015209,7,2,7,9,5
pl5,2015210,7,2,8,9,9
pl5,2015211,9,5,1,4,2
pl5,2015212,6,1,4,3,1
pl5,2015213,0,5,5,5,5
pl5,2015214,1,9,0,9,0
pl5,2015215,1,5,4,7,9
pl5,2015216,2,5,4,5,8
pl5,2015217,2,4,2,6,8
pl5,2015218,2,3,2,5,4
pl5,2015219,1,9,2,8,6
pl5,2015220,3,2,8,7,5
pl5,2015221,7,8,1,6,3
pl5,2015222,4,3,8,6,4
pl5,2015223,3,8,7,2,6
pl5,2015224,6,4,1,4,6
pl5,2015225,8,5,9,4,4
pl5,2015226,4,4,0,2,6
pl5,2015227,4,4,2,8,7
pl5,2015228,3,1,2,1,8
pl5,2015229,9,9,1,4,0
pl5,2015230,7,2,7,5,3
pl5,2015231,5,0,9,9,8
pl5,2015232,5,3,2,0,2
pl5,2015233,9,8,3,6,5
pl5,2015234,4,3,6,0,4
pl5,2015235,4,6,5,4,3
pl5,2015236,9,1,0,7,8
pl5,2015237,3,0,4,2,7
pl5,2015238,1,2,7,5,5
pl5,2015239,9,3,1,9,8
pl5,2015240,6,8,9,1,8
pl5,2015241,6,5,1,2,7
pl5,2015242,6,7,8,0,0
pl5,2015243,0,0,8,8,6
pl5,2015244,3,5,0,8,2
pl5,2015245,9,8,7,4,7
pl5,2015246,7,7,8,9,5
pl5,2015247,0,6,5,8,6
pl5,2015248,2,5,1,3,9
pl5,2015249,4,6,1,2,3
pl5,2015250,7,1,3,2,8
pl5,2015251,4,9,4,3,4
pl5,2015252,4,5,1,1,9
pl5,2015253,2,9,2,4,8
pl5,2015254,3,4,3,6,3
pl5,2015255,4,3,0,3,3
pl5,2015256,1,5,6,6,0
pl5,2015257,0,2,3,0,2
pl5,2015258,3,7,4,6,5
pl5,2015259,9,5,2,9,7
pl5,2015260,2,5,8,2,8
pl5,2015261,8,3,3,8,9
pl5,2015262,2,5,2,6,1
pl5,2015263,2,1,6,4,4
pl5,2015264,1,7,3,8,0
pl5,2015265,9,2,5,4,8
pl5,2015266,0,8,4,5,7
pl5,2015267,6,5,2,5,2
pl5,2015268,8,0,8,0,7
pl5,2015269,2,5,8,3,6
pl5,2015270,1,1,5,6,4
pl5,2015271,9,7,9,2,8
pl5,2015272,4,1,9,5,9
pl5,2015273,2,5,4,7,7
pl5,2015274,3,0,6,6,0
pl5,2015275,9,3,4,8,4
pl5,2015276,8,9,1,6,2
pl5,2015277,4,8,3,8,2
pl5,2015278,0,1,1,7,2
pl5,2015279,2,1,7,7,2
pl5,2015280,9,8,8,7,5
pl5,2015281,0,9,0,4,3
pl5,2015282,4,9,2,0,9
pl5,2015283,2,3,4,9,5
pl5,2015284,6,3,2,0,2
pl5,2015285,4,2,1,9,5
pl5,2015286,0,7,4,9,1
pl5,2015287,0,5,0,8,0
pl5,2015288,8,4,2,4,3
pl5,2015289,5,2,9,0,0
pl5,2015290,0,6,4,9,3
pl5,2015291,1,2,0,1,5
pl5,2015292,2,9,6,8,4
pl5,2015293,4,3,2,1,4
pl5,2015294,0,4,1,2,6
pl5,2015295,3,0,5,4,3
pl5,2015296,9,0,5,4,1
pl5,2015297,4,4,0,5,8
pl5,2015298,5,9,4,4,2
pl5,2015299,6,2,7,5,2
pl5,2015300,8,4,5,8,3
pl5,2015301,4,4,9,2,2
pl5,2015302,6,4,2,8,4
pl5,2015303,4,4,1,0,5
pl5,2015304,2,7,1,2,7
pl5,2015305,5,4,9,2,8
pl5,2015306,2,1,7,3,3
pl5,2015307,0,6,9,2,8
pl5,2015308,3,7,9,5,0
pl5,2015309,0,0,3,7,1
pl5,2015310,2,5,7,8,0
pl5,2015311,2,3,3,2,0
pl5,2015312,4,3,5,5,6
pl5,2015313,5,5,5,0,2
pl5,2015314,0,6,5,3,0
pl5,2015315,7,5,0,4,2
pl5,2015316,0,2,1,7,8
pl5,2015317,8,1,2,1,9
pl5,2015318,3,4,9,1,5
pl5,2015319,6,1,9,9,8
pl5,2015320,8,8,4,3,4
pl5,2015321,8,3,6,3,5
pl5,2015322,6,4,4,9,4
pl5,2015323,1,6,9,7,8
pl5,2015324,7,9,3,6,6
pl5,2015325,9,2,9,6,5
pl5,2015326,8,7,5,6,2
pl5,2015327,4,2,9,8,3
pl5,2015328,4,9,7,0,3
pl5,2015329,6,7,5,5,2
pl5,2015330,0,5,6,5,4
pl5,2015331,7,8,0,2,4
pl5,2015332,6,9,0,4,8
pl5,2015333,3,8,8,8,0
pl5,2015334,0,5,2,3,3
pl5,2015335,5,6,2,4,1
pl5,2015336,6,5,8,1,2
pl5,2015337,9,1,3,9,4
pl5,2015338,9,0,9,2,2
pl5,2015339,9,9,7,3,7
pl5,2015340,8,2,8,1,9
pl5,2015341,6,6,4,1,9
pl5,2015342,5,9,6,3,8
pl5,2015343,5,8,0,7,2
pl5,2015344,2,5,3,7,6
pl5,2015345,2,9,3,4,7
pl5,2015346,7,0,1,9,5
pl5,2015347,1,4,5,7,6
pl5,2015348,8,7,8,7,5
pl5,2015349,7,5,0,2,2
pl5,2015350,8,1,3,5,7
pl5,2015351,9,7,4,5,1
pl5,2015352,9,1,8,1,9
pl5,2015353,3,4,9,7,6
pl5,2015354,3,9,1,4,7
pl5,2015355,8,7,1,3,7
pl5,2015356,3,9,7,6,5
pl5,2015357,4,3,2,2,3
pl5,2015358,0,0,9,8,3
pl5,2016001,8,2,8,1,3
pl5,2016002,5,6,7,0,6
pl5,2016003,5,7,3,9,2
pl5,2016004,5,4,3,2,1
pl5,2016005,4,3,9,8,4
pl5,2016006,1,0,1,1,8
pl5,2016007,1,7,4,1,0
pl5,2016008,9,6,7,9,3
pl5,2016009,6,4,8,4,7
pl5,2016010,8,2,3,7,9
pl5,2016011,4,6,1,7,4
pl5,2016012,5,3,0,5,9
pl5,2016013,0,1,9,8,7
pl5,2016014,9,2,5,8,2
pl5,2016015,6,8,6,2,6
pl5,2016016,8,4,1,3,4
pl5,2016017,8,6,1,6,9
pl5,2016018,6,4,6,5,6
pl5,2016019,8,8,3,6,6
pl5,2016020,6,9,3,6,5
pl5,2016021,4,0,2,4,6
pl5,2016022,7,4,4,8,2
pl5,2016023,0,4,1,5,6
pl5,2016024,0,9,1,7,7
pl5,2016025,5,0,0,5,4
pl5,2016026,4,0,3,3,4
pl5,2016027,7,2,9,7,5
pl5,2016028,2,6,2,8,7
pl5,2016029,2,2,5,2,0
pl5,2016030,9,8,8,5,1
pl5,2016031,4,5,7,9,3
pl5,2016032,5,5,5,7,1
pl5,2016033,0,0,2,5,6
pl5,2016034,1,0,2,2,2
pl5,2016035,0,5,1,7,8
pl5,2016036,2,5,8,2,6
pl5,2016037,6,2,4,1,6
pl5,2016038,8,2,3,8,9
pl5,2016039,5,0,3,2,1
pl5,2016040,0,4,7,2,8
pl5,2016041,7,2,0,5,5
pl5,2016042,7,2,9,7,7
pl5,2016043,9,4,4,6,6
pl5,2016044,0,1,2,8,6
pl5,2016045,6,1,2,6,0
pl5,2016046,1,2,6,2,1
pl5,2016047,1,3,2,9,3
pl5,2016048,3,3,7,2,7
pl5,2016049,6,1,8,8,4
pl5,2016050,1,4,0,7,8
pl5,2016051,1,0,2,1,3
pl5,2016052,7,9,2,6,7
pl5,2016053,4,4,7,0,8
pl5,2016054,7,3,6,7,8
pl5,2016055,3,2,3,5,8
pl5,2016056,6,6,5,4,1
pl5,2016057,7,6,4,7,7
pl5,2016058,1,1,9,3,3
pl5,2016059,0,7,8,1,8
pl5,2016060,6,8,6,8,0
pl5,2016061,6,7,5,7,2
pl5,2016062,4,7,7,2,5
pl5,2016063,4,9,1,4,6
pl5,2016064,4,5,5,0,6
pl5,2016065,0,1,6,9,5
pl5,2016066,4,5,5,6,1
pl5,2016067,4,4,5,5,0
pl5,2016068,0,1,3,5,6
pl5,2016069,9,9,5,3,6
pl5,2016070,7,8,9,3,1
pl5,2016071,5,3,0,8,0
pl5,2016072,2,9,9,8,8
pl5,2016073,9,7,2,1,3
pl5,2016074,9,5,1,7,3
pl5,2016075,6,3,7,2,1
pl5,2016076,6,0,6,0,6
pl5,2016077,7,8,2,5,9
pl5,2016078,4,6,7,9,3
pl5,2016079,3,9,0,0,8
pl5,2016080,6,7,0,2,0
pl5,2016081,1,5,0,9,8
pl5,2016082,7,4,8,2,2
pl5,2016083,2,3,4,1,3
pl5,2016084,0,2,3,6,7
pl5,2016085,9,9,7,6,3
pl5,2016086,0,6,5,9,9
pl5,2016087,9,1,7,2,7
pl5,2016088,5,4,7,4,8
pl5,2016089,9,8,3,3,7
pl5,2016090,8,6,7,7,2
pl5,2016091,1,3,3,2,3
pl5,2016092,2,7,3,1,3
pl5,2016093,9,8,2,8,6
pl5,2016094,9,6,0,7,1
pl5,2016095,8,6,9,7,8
pl5,2016096,4,1,0,9,2
pl5,2016097,1,1,1,6,5
pl5,2016098,9,8,2,9,7
pl5,2016099,3,3,2,9,7
pl5,2016100,0,3,7,4,7
pl5,2016101,6,0,3,4,7
pl5,2016102,8,8,5,2,1
pl5,2016103,7,6,2,9,7
pl5,2016104,2,1,9,5,8
pl5,2016105,6,1,1,3,9
pl5,2016106,0,3,7,5,4
pl5,2016107,2,4,0,7,6
pl5,2016108,2,3,6,8,9
pl5,2016109,0,7,1,6,3
pl5,2016110,7,7,2,5,6
pl5,2016111,4,7,6,5,2
pl5,2016112,6,1,1,1,0
pl5,2016113,2,9,7,8,6
pl5,2016114,2,1,8,2,8
pl5,2016115,0,0,2,1,8
pl5,2016116,4,8,8,3,1
pl5,2016117,9,4,5,5,0
pl5,2016118,3,6,9,8,7
pl5,2016119,1,3,9,1,3
pl5,2016120,8,7,7,3,5
pl5,2016121,5,6,4,5,0
pl5,2016122,4,3,6,2,0
pl5,2016123,1,4,7,0,1
pl5,2016124,8,5,6,7,2
pl5,2016125,2,0,1,7,3
pl5,2016126,0,6,3,9,2
pl5,2016127,9,9,7,0,5
pl5,2016128,7,4,4,6,1
pl5,2016129,4,0,5,4,2
pl5,2016130,2,4,7,6,1
pl5,2016131,6,6,5,1,9
pl5,2016132,4,9,1,0,2
pl5,2016133,7,1,1,1,1
pl5,2016134,9,2,3,0,8
pl5,2016135,1,4,4,2,8
pl5,2016136,6,6,5,3,0
pl5,2016137,9,6,6,7,8
pl5,2016138,1,3,3,1,2
pl5,2016139,1,8,8,7,6
pl5,2016140,6,5,6,6,3
pl5,2016141,7,2,0,7,7
pl5,2016142,3,4,7,7,9
pl5,2016143,1,1,2,7,8
pl5,2016144,5,6,8,2,4
pl5,2016145,0,1,4,4,1
pl5,2016146,1,4,5,8,1
pl5,2016147,9,7,6,4,3
pl5,2016148,7,8,7,6,5
pl5,2016149,7,5,7,9,4
pl5,2016150,1,1,4,8,9
pl5,2016151,6,1,6,0,7
pl5,2016152,1,2,5,1,4
pl5,2016153,6,2,2,3,8
pl5,2016154,7,1,2,7,4
pl5,2016155,9,9,9,6,3
pl5,2016156,3,1,6,3,5
pl5,2016157,6,0,3,1,2
pl5,2016158,6,1,7,8,5
pl5,2016159,8,3,5,6,2
pl5,2016160,6,5,7,3,2
pl5,2016161,8,4,5,3,0
pl5,2016162,7,0,8,8,4
pl5,2016163,9,7,0,7,1
pl5,2016164,7,2,3,2,3
pl5,2016165,5,7,1,3,7
pl5,2016166,4,1,2,4,1
pl5,2016167,9,6,9,0,9
pl5,2016168,9,0,0,4,5
pl5,2016169,1,9,6,0,3
pl5,2016170,4,0,9,7,7
pl5,2016171,0,5,8,1,7
pl5,2016172,7,6,0,8,9
pl5,2016173,2,6,2,3,4
pl5,2016174,1,1,1,5,3
pl5,2016175,6,3,0,8,1
pl5,2016176,7,6,5,7,3
pl5,2016177,5,8,5,1,7
pl5,2016178,9,0,0,2,7
pl5,2016179,4,5,6,8,7
pl5,2016180,6,3,2,6,6
pl5,2016181,4,3,7,1,3
pl5,2016182,2,0,0,3,3
pl5,2016183,5,7,3,4,2
pl5,2016184,3,5,9,9,8
pl5,2016185,5,4,2,3,7
pl5,2016186,8,1,1,7,6
pl5,2016187,3,0,7,4,0
pl5,2016188,8,4,2,8,8
pl5,2016189,1,3,1,6,6
pl5,2016190,0,2,6,9,0
pl5,2016191,2,0,8,4,7
pl5,2016192,3,2,5,1,4
pl5,2016193,7,8,3,7,0
pl5,2016194,5,5,7,2,5
pl5,2016195,0,2,4,2,6
pl5,2016196,3,3,9,8,6
pl5,2016197,3,0,0,6,9
pl5,2016198,2,8,9,4,4
pl5,2016199,5,1,0,3,1
pl5,2016200,5,8,3,5,9
pl5,2016201,3,7,4,6,2
pl5,2016202,5,8,4,6,6
pl5,2016203,0,4,4,8,1
pl5,2016204,2,4,4,2,4
pl5,2016205,4,3,5,4,8
pl5,2016206,7,8,8,2,0
pl5,2016207,7,7,5,9,0
pl5,2016208,2,8,4,1,4
pl5,2016209,2,9,9,5,9
pl5,2016210,3,0,5,3,1
pl5,2016211,4,6,3,1,6
pl5,2016212,6,9,3,8,3
pl5,2016213,6,5,8,6,5
pl5,2016214,7,0,9,5,3
pl5,2016215,7,8,7,2,9
pl5,2016216,3,9,8,0,3
pl5,2016217,4,4,9,9,3
pl5,2016218,9,0,0,5,0
pl5,2016219,0,4,7,1,2
pl5,2016220,0,7,3,7,4
pl5,2016221,6,1,2,3,5
pl5,2016222,4,2,5,8,7
pl5,2016223,0,6,3,4,9
pl5,2016224,6,5,6,9,2
pl5,2016225,6,3,6,0,2
pl5,2016226,0,1,6,8,9
pl5,2016227,3,9,7,2,1
pl5,2016228,8,6,5,2,6
pl5,2016229,0,4,2,7,7
pl5,2016230,5,6,6,5,1
pl5,2016231,2,8,5,5,2
pl5,2016232,9,1,6,5,6
pl5,2016233,5,6,8,9,0
pl5,2016234,9,7,6,1,3
pl5,2016235,4,5,0,4,8
pl5,2016236,2,6,3,0,5
pl5,2016237,2,8,4,7,3
pl5,2016238,5,4,3,9,0
pl5,2016239,5,8,5,9,9
pl5,2016240,6,3,9,4,2
pl5,2016241,3,2,0,4,0
pl5,2016242,7,5,2,6,1
pl5,2016243,4,1,6,0,5
pl5,2016244,1,5,3,9,5
pl5,2016245,3,8,9,4,8
pl5,2016246,7,8,2,7,1
pl5,2016247,8,8,2,6,2
pl5,2016248,7,2,7,1,3
pl5,2016249,9,7,3,5,6
pl5,2016250,1,6,2,6,9
pl5,2016251,3,0,6,7,6
pl5,2016252,4,5,9,1,9
pl5,2016253,6,9,1,9,2
pl5,2016254,6,5,2,9,4
pl5,2016255,3,3,5,0,5
pl5,2016256,1,3,7,0,1
pl5,2016257,3,8,9,0,9
pl5,2016258,9,6,1,0,6
pl5,2016259,3,9,6,9,0
pl5,2016260,0,3,8,3,7
pl5,2016261,9,9,4,1,3
pl5,2016262,3,5,8,4,6
pl5,2016263,1,1,0,9,2
pl5,2016264,6,7,1,1,7
pl5,2016265,6,9,5,0,0
pl5,2016266,6,4,0,2,5
pl5,2016267,1,4,1,0,0
pl5,2016268,0,7,6,2,4
pl5,2016269,2,2,1,1,7
pl5,2016270,0,4,2,4,9
pl5,2016271,8,7,5,5,0
pl5,2016272,1,9,6,9,6
pl5,2016273,5,8,3,6,0
pl5,2016274,9,0,5,9,7
pl5,2016275,8,2,0,4,7
pl5,2016276,9,6,4,5,4
pl5,2016277,5,8,4,7,1
pl5,2016278,2,3,2,8,4
pl5,2016279,5,0,6,2,5
pl5,2016280,8,0,2,0,0
pl5,2016281,1,3,6,9,7
pl5,2016282,8,2,8,2,4
pl5,2016283,0,0,4,7,1
pl5,2016284,4,6,7,0,2
pl5,2016285,7,2,8,3,9
pl5,2016286,6,2,3,3,2
pl5,2016287,8,9,0,1,7
pl5,2016288,4,3,0,3,5
pl5,2016289,7,3,6,1,2
pl5,2016290,6,3,1,0,6
pl5,2016291,1,9,6,4,9
pl5,2016292,2,4,0,0,2
pl5,2016293,8,0,4,7,0
pl5,2016294,6,1,2,4,4
pl5,2016295,3,9,2,1,6
pl5,2016296,4,7,9,5,5
pl5,2016297,8,5,3,5,6
pl5,2016298,7,3,3,2,6
pl5,2016299,5,1,7,3,0
pl5,2016300,1,8,9,7,2
pl5,2016301,8,8,8,6,5
pl5,2016302,5,1,8,3,9
pl5,2016303,7,5,1,0,2
pl5,2016304,4,7,0,9,3
pl5,2016305,3,6,8,0,0
pl5,2016306,7,4,0,9,1
pl5,2016307,5,8,6,0,2
pl5,2016308,1,2,6,8,9
pl5,2016309,2,2,5,1,4
pl5,2016310,7,9,4,6,6
pl5,2016311,8,4,1,4,9
pl5,2016312,6,6,4,6,2
pl5,2016313,3,1,4,6,0
pl5,2016314,2,3,5,2,0
pl5,2016315,4,9,7,2,3
pl5,2016316,2,1,4,7,9
pl5,2016317,8,8,6,9,4
pl5,2016318,1,4,2,0,2
pl5,2016319,4,1,9,8,2
pl5,2016320,3,4,9,3,2
pl5,2016321,6,0,6,3,9
pl5,2016322,2,7,1,0,3
pl5,2016323,8,4,0,2,4
pl5,2016324,1,7,3,7,4
pl5,2016325,6,6,8,9,0
pl5,2016326,3,6,3,1,8
pl5,2016327,6,5,6,8,5
pl5,2016328,8,6,5,9,5
pl5,2016329,9,5,1,0,3
pl5,2016330,5,6,4,9,2
pl5,2016331,6,7,3,1,1
pl5,2016332,4,4,5,1,5
pl5,2016333,9,7,5,0,1
pl5,2016334,3,5,5,5,3
pl5,2016335,5,3,8,4,3
pl5,2016336,1,5,0,7,2
pl5,2016337,5,2,8,8,3
pl5,2016338,4,0,1,2,1
pl5,2016339,5,4,8,3,3
pl5,2016340,6,4,8,2,0
pl5,2016341,0,3,9,7,0
pl5,2016342,6,3,3,2,1
pl5,2016343,8,0,7,4,0
pl5,2016344,1,0,3,1,7
pl5,2016345,5,6,2,7,6
pl5,2016346,1,0,0,3,9
pl5,2016347,5,8,9,0,9
pl5,2016348,7,5,7,2,7
pl5,2016349,1,5,4,4,4
pl5,2016350,5,1,9,4,7
pl5,2016351,4,7,5,2,8
pl5,2016352,4,2,4,1,2
pl5,2016353,4,5,3,1,3
pl5,2016354,5,3,3,6,8
pl5,2016355,7,1,9,6,4
pl5,2016356,1,8,0,8,0
pl5,2016357,2,2,2,1,7
pl5,2016358,1,4,3,9,6
pl5,2016359,8,9,6,5,7
pl5,2017001,0,9,2,3,1
pl5,2017002,7,5,8,5,5
pl5,2017003,3,7,4,0,4
pl5,2017004,6,1,6,6,0
pl5,2017005,3,4,2,3,0
pl5,2017006,4,2,6,7,0
pl5,2017007,6,9,2,8,7
pl5,2017008,5,9,7,0,3
pl5,2017009,3,1,7,8,4
pl5,2017010,2,6,1,5,8
pl5,2017011,4,8,6,8,7
pl5,2017012,0,5,9,9,5
pl5,2017013,0,3,9,6,4
pl5,2017014,4,2,8,3,6
pl5,2017015,6,8,6,0,1
pl5,2017016,7,9,6,3,5
pl5,2017017,8,9,7,6,2
pl5,2017018,3,9,7,9,5
pl5,2017019,8,4,4,9,9
pl5,2017020,5,2,6,1,9
pl5,2017021,8,7,4,9,1
pl5,2017022,6,7,7,5,5
pl5,2017023,2,3,7,5,2
pl5,2017024,0,4,3,9,0
pl5,2017025,2,7,7,9,1
pl5,2017026,0,8,1,4,5
pl5,2017027,3,2,5,3,2
pl5,2017028,9,5,5,0,4
pl5,2017029,8,0,4,7,8
pl5,2017030,8,9,6,3,1
pl5,2017031,5,0,2,0,5
pl5,2017032,7,3,8,7,4
pl5,2017033,7,8,5,6,6
pl5,2017034,8,9,5,7,6
pl5,2017035,8,9,0,7,7
pl5,2017036,4,7,2,8,0
pl5,2017037,3,8,0,8,0
pl5,2017038,8,2,3,5,2
pl5,2017039,5,9,8,8,1
pl5,2017040,3,9,5,0,7
pl5,2017041,9,8,2,8,2
pl5,2017042,1,4,9,9,2
pl5,2017043,5,0,8,3,4
pl5,2017044,1,3,8,5,0
pl5,2017045,7,3,5,1,7
pl5,2017046,8,8,7,6,6
pl5,2017047,2,8,3,6,0
pl5,2017048,1,6,4,2,2
pl5,2017049,6,6,5,3,8
pl5,2017050,3,0,7,8,0
pl5,2017051,4,4,4,8,8
pl5,2017052,1,5,9,5,0
pl5,2017053,9,2,1,8,3
pl5,2017054,7,0,2,4,4
pl5,2017055,3,6,6,5,0
pl5,2017056,2,3,2,7,2
pl5,2017057,9,2,1,6,8
pl5,2017058,7,3,0,0,1
pl5,2017059,6,6,2,9,9
pl5,2017060,5,4,6,7,6
pl5,2017061,1,9,8,8,5
pl5,2017062,8,8,7,5,7
pl5,2017063,7,6,8,9,5
pl5,2017064,1,6,5,9,4
pl5,2017065,5,5,2,3,6
pl5,2017066,8,4,8,8,5
pl5,2017067,3,8,2,8,1
pl5,2017068,2,1,7,9,4
pl5,2017069,9,4,6,6,6
pl5,2017070,3,3,3,6,1
pl5,2017071,8,4,2,5,3
pl5,2017072,9,4,8,3,2
pl5,2017073,0,3,1,2,7
pl5,2017074,6,5,6,9,3
pl5,2017075,9,0,0,0,5
pl5,2017076,3,8,9,6,0
pl5,2017077,6,3,4,3,4
pl5,2017078,6,3,3,6,3
pl5,2017079,4,8,5,7,0
pl5,2017080,1,8,8,4,2
pl5,2017081,2,1,0,9,0
pl5,2017082,5,5,3,2,0
pl5,2017083,5,6,4,7,9
pl5,2017084,8,3,6,9,7
pl5,2017085,7,2,2,1,7
pl5,2017086,9,4,4,1,9
pl5,2017087,2,3,7,0,6
pl5,2017088,5,6,1,3,8
pl5,2017089,3,8,9,1,8
pl5,2017090,2,8,3,8,3
pl5,2017091,6,7,6,5,7
pl5,2017092,7,5,9,8,9
pl5,2017093,5,8,0,0,2
pl5,2017094,0,9,8,4,8
pl5,2017095,3,2,3,1,5
pl5,2017096,8,0,9,2,5
pl5,2017097,8,0,6,7,0
pl5,2017098,2,2,8,3,0
pl5,2017099,9,9,6,1,6
pl5,2017100,8,1,3,1,6
pl5,2017101,3,9,0,5,2
pl5,2017102,0,5,9,3,1
pl5,2017103,0,4,4,5,1
pl5,2017104,7,8,2,0,0
pl5,2017105,8,4,6,6,9
pl5,2017106,4,0,2,5,7
pl5,2017107,9,5,1,3,9
pl5,2017108,7,2,7,1,5
pl5,2017109,0,3,0,4,1
pl5,2017110,8,1,5,6,0
pl5,2017111,6,5,8,0,1
pl5,2017112,6,8,6,3,7
pl5,2017113,1,5,7,6,7
pl5,2017114,6,8,1,3,7
pl5,2017115,5,6,7,9,9
pl5,2017116,2,1,3,1,1
pl5,2017117,2,9,9,8,5
pl5,2017118,4,9,9,8,8
pl5,2017119,5,2,2,8,0
pl5,2017120,4,5,8,8,3
pl5,2017121,0,5,4,2,2
pl5,2017122,4,8,6,9,2
pl5,2017123,4,9,2,0,5
pl5,2017124,0,8,1,8,7
pl5,2017125,2,5,5,2,0
pl5,2017126,2,5,8,9,2
pl5,2017127,7,3,9,4,9
pl5,2017128,4,5,2,2,4
pl5,2017129,3,6,5,4,1
pl5,2017130,5,8,9,2,0
pl5,2017131,9,1,9,7,5
pl5,2017132,3,0,5,8,8
pl5,2017133,1,6,6,5,7
pl5,2017134,6,9,7,4,1
pl5,2017135,5,2,5,3,3
pl5,2017136,5,1,0,2,2
pl5,2017137,1,2,2,9,0
pl5,2017138,0,2,0,6,2
pl5,2017139,3,6,0,0,2
pl5,2017140,2,0,4,5,4
pl5,2017141,6,0,4,8,8
pl5,2017142,0,1,3,3,5
pl5,2017143,1,7,7,5,6
pl5,2017144,2,3,9,9,9
pl5,2017145,5,9,1,0,7
pl5,2017146,9,4,2,5,8
pl5,2017147,3,3,1,9,8
pl5,2017148,1,5,2,6,3
pl5,2017149,9,8,7,7,3
pl5,2017150,5,2,9,3,0
pl5,2017151,0,7,8,1,7
pl5,2017152,8,0,2,5,1
pl5,2017153,8,8,5,9,3
pl5,2017154,2,1,5,9,2
pl5,2017155,0,0,4,7,1
pl5,2017156,0,0,7,2,4
pl5,2017157,8,1,8,5,4
pl5,2017158,0,8,3,2,3
pl5,2017159,1,2,3,8,6
pl5,2017160,9,4,6,4,1
pl5,2017161,8,3,0,2,8
pl5,2017162,8,1,4,6,0
pl5,2017163,7,5,9,3,2
pl5,2017164,4,4,7,2,9
pl5,2017165,3,3,0,4,6
pl5,2017166,6,4,4,9,5
pl5,2017167,7,9,5,1,1
pl5,2017168,1,7,5,6,1
pl5,2017169,6,4,4,5,9
pl5,2017170,5,4,4,1,8
pl5,2017171,1,9,0,1,6
pl5,2017172,4,9,6,3,0
pl5,2017173,7,1,2,6,6
pl5,2017174,9,6,0,3,4
pl5,2017175,3,7,6,8,5
pl5,2017176,6,0,2,1,8
pl5,2017177,6,7,0,1,0
pl5,2017178,3,0,3,6,2
pl5,2017179,0,6,6,5,7
pl5,2017180,5,8,6,0,7
pl5,2017181,4,8,4,1,9
pl5,2017182,9,7,5,1,5
pl5,2017183,4,0,9,5,0
pl5,2017184,1,2,9,6,7
pl5,2017185,3,7,0,1,6
pl5,2017186,9,6,7,8,8
pl5,2017187,8,3,1,1,0
pl5,2017188,2,0,9,5,8
pl5,2017189,9,6,0,8,6
pl5,2017190,4,4,6,7,0
pl5,2017191,9,7,8,7,2
pl5,2017192,2,7,9,7,5
pl5,2017193,8,8,0,4,2
pl5,2017194,6,2,5,0,8
pl5,2017195,3,1,9,8,9
pl5,2017196,4,3,6,1,5
pl5,2017197,5,9,4,1,7
pl5,2017198,7,5,4,6,0
pl5,2017199,3,3,0,9,1
pl5,2017200,9,3,5,1,5
pl5,2017201,4,4,5,1,4
pl5,2017202,4,6,1,1,1
pl5,2017203,2,4,3,6,6
pl5,2017204,2,3,2,3,2
pl5,2017205,6,4,9,4,3
pl5,2017206,3,7,5,4,6
pl5,2017207,6,9,7,1,0
pl5,2017208,1,0,8,8,5
pl5,2017209,3,9,1,2,7
pl5,2017210,9,1,1,1,6
pl5,2017211,1,1,6,7,1
pl5,2017212,0,0,2,3,6
pl5,2017213,7,2,7,0,4
pl5,2017214,4,2,3,4,2
pl5,2017215,2,1,2,9,5
pl5,2017216,8,7,1,9,9
pl5,2017217,7,9,6,3,2
pl5,2017218,5,7,3,6,1
pl5,2017219,4,9,3,0,7
pl5,2017220,6,4,3,6,3
pl5,2017221,4,4,7,9,4
pl5,2017222,7,0,7,4,1
pl5,2017223,4,9,6,0,1
pl5,2017224,6,3,4,7,7
pl5,2017225,4,8,8,3,8
pl5,2017226,3,3,5,5,3
pl5,2017227,2,4,7,4,4
pl5,2017228,3,8,9,9,0
pl5,2017229,4,8,7,6,2
pl5,2017230,6,7,4,3,2
pl5,2017231,4,2,0,9,7
pl5,2017232,8,4,4,5,4
pl5,2017233,1,8,7,4,4
pl5,2017234,4,6,6,3,4
pl5,2017235,1,5,6,0,4
pl5,2017236,5,1,5,5,6
pl5,2017237,2,1,0,4,5
pl5,2017238,9,2,1,0,2
pl5,2017239,6,0,5,8,0
pl5,2017240,5,1,7,0,3
pl5,2017241,9,3,9,5,6
pl5,2017242,8,9,3,5,0
pl5,2017243,3,3,5,8,9
pl5,2017244,8,3,2,4,3
pl5,2017245,6,2,3,0,8
pl5,2017246,1,1,1,1,8
pl5,2017247,9,4,5,3,2
pl5,2017248,8,4,9,7,7
pl5,2017249,3,6,1,8,5
pl5,2017250,8,5,6,0,8
pl5,2017251,1,5,1,1,3
pl5,2017252,1,7,8,8,9
pl5,2017253,7,7,8,9,9
pl5,2017254,9,1,5,9,9
pl5,2017255,9,4,8,4,4
pl5,2017256,1,3,2,0,7
pl5,2017257,2,2,3,1,4
pl5,2017258,8,7,1,5,9
pl5,2017259,4,8,7,3,5
pl5,2017260,9,2,9,8,4
pl5,2017261,6,3,5,2,2
pl5,2017262,3,9,1,7,8
pl5,2017263,3,3,5,4,6
pl5,2017264,6,8,0,5,0
pl5,2017265,3,0,9,1,2
pl5,2017266,1,5,1,5,5
pl5,2017267,7,1,4,7,0
pl5,2017268,3,1,7,1,2
pl5,2017269,0,4,5,4,8
pl5,2017270,1,4,1,1,9
pl5,2017271,5,5,0,3,1
pl5,2017272,9,2,1,3,9
pl5,2017273,3,8,0,3,3
pl5,2017274,9,4,6,3,1
pl5,2017275,9,6,5,8,3
pl5,2017276,0,9,3,8,1
pl5,2017277,0,7,6,0,3
pl5,2017278,0,5,7,9,2
pl5,2017279,2,6,2,5,1
pl5,2017280,7,9,7,3,1
pl5,2017281,8,0,8,2,0
pl5,2017282,3,0,2,2,2
pl5,2017283,1,5,4,0,7
pl5,2017284,6,1,8,5,9
pl5,2017285,9,7,7,3,2
pl5,2017286,4,8,1,6,5
pl5,2017287,0,9,4,4,1
pl5,2017288,7,5,6,9,4
pl5,2017289,7,4,4,8,1
pl5,2017290,4,2,3,6,3
pl5,2017291,6,9,4,7,5
pl5,2017292,9,4,6,0,4
pl5,2017293,7,8,7,1,0
pl5,2017294,4,1,8,7,3
pl5,2017295,5,5,4,3,4
pl5,2017296,3,1,8,9,9
pl5,2017297,8,1,0,2,2
pl5,2017298,0,9,9,6,9
pl5,2017299,6,8,5,4,6
pl5,2017300,7,5,4,1,3
pl5,2017301,6,1,6,2,5
pl5,2017302,9,0,2,2,7
pl5,2017303,4,5,8,8,8
pl5,2017304,4,4,4,1,3
pl5,2017305,0,0,5,0,6
pl5,2017306,1,2,5,8,7
pl5,2017307,6,2,3,7,6
pl5,2017308,8,9,1,9,9
pl5,2017309,2,6,2,1,9
pl5,2017310,7,6,1,8,4
pl5,2017311,9,0,0,6,9
pl5,2017312,5,9,8,8,1
pl5,2017313,3,0,6,4,9
pl5,2017314,5,8,0,9,4
pl5,2017315,2,4,3,0,5
pl5,2017316,2,0,2,5,3
pl5,2017317,1,0,3,9,7
pl5,2017318,8,8,3,6,9
pl5,2017319,9,3,9,5,4
pl5,2017320,0,3,6,3,7
pl5,2017321,4,3,5,0,2
pl5,2017322,1,7,3,8,3
pl5,2017323,5,7,2,3,6
pl5,2017324,8,2,8,5,8
pl5,2017325,5,0,9,0,8
pl5,2017326,7,2,3,1,4
pl5,2017327,1,4,5,4,3
pl5,2017328,6,2,1,2,1
pl5,2017329,5,3,5,7,6
pl5,2017330,3,8,5,7,8
pl5,2017331,0,9,8,5,9
pl5,2017332,3,2,1,5,8
pl5,2017333,4,2,7,4,9
pl5,2017334,1,8,1,6,1
pl5,2017335,6,6,1,2,8
pl5,2017336,3,4,0,9,8
pl5,2017337,9,1,0,5,6
pl5,2017338,2,7,9,5,4
pl5,2017339,1,3,1,9,2
pl5,2017340,1,1,2,4,0
pl5,2017341,7,2,2,4,3
pl5,2017342,3,8,6,2,4
pl5,2017343,7,5,2,0,9
pl5,2017344,3,6,5,3,0
pl5,2017345,3,4,4,2,8
pl5,2017346,1,0,3,9,0
pl5,2017347,0,3,7,1,0
pl5,2017348,0,8,7,3,4
pl5,2017349,1,5,6,2,8
pl5,2017350,1,2,8,9,5
pl5,2017351,2,6,0,2,9
pl5,2017352,9,9,4,7,7
pl5,2017353,3,0,4,5,6
pl5,2017354,1,8,7,5,6
pl5,2017355,3,8,4,9,2
pl5,2017356,9,5,2,9,6
pl5,2017357,8,0,9,2,9
pl5,2017358,9,5,1,3,8
pl5,2018001,1,7,7,3,4
pl5,2018002,6,4,4,1,2
pl5,2018003,1,4,5,0,7
pl5,2018004,4,1,6,8,3
pl5,2018005,3,9,1,2,6
pl5,2018006,8,6,9,3,2
pl5,2018007,0,8,0,9,7
pl5,2018008,4,4,7,8,5
pl5,2018009,4,9,6,6,5
pl5,2018010,1,6,7,8,2
pl5,2018011,9,7,2,3,1
pl5,2018012,4,3,7,7,3
pl5,2018013,6,0,6,6,7
pl5,2018014,1,6,1,2,4
pl5,2018015,7,3,9,6,5
pl5,2018016,3,7,4,6,1
pl5,2018017,9,9,0,4,7
pl5,2018018,1,7,4,1,1
pl5,2018019,7,6,0,4,6
pl5,2018020,9,2,1,7,5
pl5,2018021,7,2,6,2,4
pl5,2018022,6,5,6,6,7
pl5,2018023,9,3,6,0,0
pl5,2018024,5,0,6,8,8
pl5,2018025,5,4,3,6,9
pl5,2018026,4,7,6,1,4
pl5,2018027,4,8,9,3,7
pl5,2018028,3,1,3,4,7
pl5,2018029,7,9,0,8,9
pl5,2018030,7,5,3,7,7
pl5,2018031,5,2,5,7,4
pl5,2018032,8,6,0,9,3
pl5,2018033,8,7,0,8,1
pl5,2018034,2,6,3,3,8
pl5,2018035,7,5,2,5,3
pl5,2018036,6,9,3,5,8
pl5,2018037,7,6,8,3,2
pl5,2018038,9,4,7,5,3
pl5,2018039,1,2,5,9,0
pl5,2018040,4,7,8,1,5
pl5,2018041,4,1,1,5,2
pl5,2018042,5,3,7,6,9
pl5,2018043,0,7,9,0,4
pl5,2018044,2,3,7,2,5
pl5,2018045,0,0,9,1,7
pl5,2018046,5,5,1,6,8
pl5,2018047,0,8,8,5,5
pl5,2018048,4,4,4,5,4
pl5,2018049,8,1,8,2,7
pl5,2018050,7,8,0,2,3
pl5,2018051,4,2,4,2,8
pl5,2018052,9,5,8,4,8
pl5,2018053,8,2,7,4,9
pl5,2018054,6,6,3,9,9
pl5,2018055,0,4,3,7,8
pl5,2018056,4,4,6,2,4
pl5,2018057,2,5,2,3,4
pl5,2018058,4,9,7,7,5
pl5,2018059,7,5,5,6,8
pl5,2018060,7,7,4,8,3
pl5,2018061,1,3,4,8,5
pl5,2018062,8,3,6,5,7
pl5,2018063,8,2,0,3,9
pl5,2018064,2,3,4,2,9
pl5,2018065,2,3,8,9,6
pl5,2018066,2,2,6,1,6
pl5,2018067,1,7,1,4,0
pl5,2018068,9,1,1,2,8
pl5,2018069,1,4,1,1,4
pl5,2018070,8,9,0,9,1
pl5,2018071,5,0,3,4,0
pl5,2018072,4,1,2,2,9
pl5,2018073,7,4,8,1,9
pl5,2018074,9,4,1,6,4
pl5,2018075,3,4,2,8,8
pl5,2018076,3,2,8,8,1
pl5,2018077,1,3,7,9,9
pl5,2018078,2,9,4,2,0
pl5,2018079,7,3,8,8,0
pl5,2018080,7,4,9,6,5
pl5,2018081,9,4,8,4,8
pl5,2018082,5,7,4,3,7
pl5,2018083,7,5,2,5,7
pl5,2018084,5,5,4,0,6
pl5,2018085,3,3,4,2,5
pl5,2018086,3,9,1,6,9
pl5,2018087,8,2,7,8,6
pl5,2018088,2,1,2,7,9
pl5,2018089,7,7,3,6,0
pl5,2018090,9,4,2,5,1
pl5,2018091,0,7,1,6,6
pl5,2018092,1,5,3,5,0
pl5,2018093,5,5,3,0,7
pl5,2018094,7,3,4,2,1
pl5,2018095,8,9,4,2,9
pl5,2018096,4,7,5,9,3
pl5,2018097,3,0,4,2,1
pl5,2018098,3,9,4,4,0
pl5,2018099,3,3,2,8,5
pl5,2018100,8,3,0,5,9
pl5,2018101,7,9,8,3,9
pl5,2018102,9,3,8,3,3
pl5,2018103,7,9,6,0,7
pl5,2018104,7,6,7,4,6
pl5,2018105,8,4,5,8,8
pl5,2018106,9,6,0,4,5
pl5,2018107,9,4,7,0,7
pl5,2018108,0,1,0,5,6
pl5,2018109,3,3,1,2,3
pl5,2018110,7,4,6,5,5
pl5,2018111,8,1,7,0,7
pl5,2018112,2,5,6,9,1
pl5,2018113,7,9,8,3,8
pl5,2018114,8,8,7,8,9
pl5,2018115,1,8,0,7,9
pl5,2018116,8,2,0,0,2
pl5,2018117,8,3,6,8,1
pl5,2018118,7,8,6,1,7
pl5,2018119,5,0,5,4,0
pl5,2018120,4,4,2,7,5
pl5,2018121,5,1,4,9,5
pl5,2018122,1,3,7,7,2
pl5,2018123,8,3,0,4,3
pl5,2018124,1,4,1,7,0
pl5,2018125,3,2,8,5,7
pl5,2018126,4,7,8,5,2
pl5,2018127,2,9,7,0,5
pl5,2018128,2,2,9,7,8
pl5,2018129,9,8,2,4,3
pl5,2018130,9,8,9,5,9
pl5,2018131,5,4,8,9,1
pl5,2018132,4,7,0,0,4
pl5,2018133,4,1,4,8,2
pl5,2018134,2,9,9,6,9
pl5,2018135,0,8,6,5,5
pl5,2018136,0,6,4,0,9
pl5,2018137,1,7,7,0,0
pl5,2018138,1,5,3,3,3
pl5,2018139,8,2,8,1,3
pl5,2018140,6,8,0,9,7
pl5,2018141,2,7,9,4,6
pl5,2018142,9,4,9,0,8
pl5,2018143,3,2,2,7,8
pl5,2018144,0,1,9,0,1
pl5,2018145,5,2,3,1,8
pl5,2018146,6,2,3,8,2
pl5,2018147,0,3,8,9,6
pl5,2018148,8,1,9,7,0
pl5,2018149,8,7,1,1,4
pl5,2018150,6,7,5,1,8
pl5,2018151,6,9,4,1,0
pl5,2018152,4,6,9,0,1
pl5,2018153,0,8,3,5,4
pl5,2018154,0,3,1,1,5
pl5,2018155,1,6,0,6,5
pl5,2018156,3,2,2,3,4
pl5,2018157,2,0,9,9,6
pl5,2018158,3,0,0,1,8
pl5,2018159,2,9,4,6,1
pl5,2018160,1,0,8,3,4
pl5,2018161,4,7,3,7,1
pl5,2018162,2,6,0,2,7
pl5,2018163,5,7,0,3,5
pl5,2018164,6,1,0,3,2
pl5,2018165,3,0,2,5,7
pl5,2018166,0,6,1,0,4
pl5,2018167,1,3,2,7,4
pl5,2018168,2,7,5,2,3
pl5,2018169,7,1,6,9,0
pl5,2018170,1,2,7,8,8
pl5,2018171,2,9,7,8,9
pl5,2018172,2,4,7,4,7
pl5,2018173,2,4,2,8,4
pl5,2018174,0,1,9,2,1
pl5,2018175,6,1,2,9,3
pl5,2018176,2,0,7,8,4
pl5,2018177,2,2,2,5,7
pl5,2018178,5,2,8,7,5
pl5,2018179,7,1,3,3,1
pl5,2018180,4,3,3,1,8
pl5,2018181,5,7,3,8,8
pl5,2018182,4,0,0,1,1
pl5,2018183,8,4,4,0,5
pl5,2018184,2,6,1,6,2
pl5,2018185,6,9,6,8,8
pl5,2018186,3,5,0,0,0
pl5,2018187,5,0,7,7,0
pl5,2018188,0,6,8,1,1
pl5,2018189,2,6,9,1,1
pl5,2018190,0,3,1,5,9
pl5,2018191,3,4,0,4,5
pl5,2018192,9,3,9,3,1
pl5,2018193,3,8,2,3,9
pl5,2018194,6,0,5,8,9
pl5,2018195,4,8,4,0,8
pl5,2018196,3,3,2,4,4
pl5,2018197,1,3,3,8,2
pl5,2018198,8,9,3,6,3
pl5,2018199,4,4,2,9,0
pl5,2018200,5,9,8,6,3
pl5,2018201,6,2,9,6,8
pl5,2018202,2,2,4,7,2
pl5,2018203,2,1,6,6,9
pl5,2018204,7,1,3,7,4
pl5,2018205,2,9,8,2,7
pl5,2018206,2,6,7,2,8
pl5,2018207,0,0,6,0,9
pl5,2018208,1,7,5,3,0
pl5,2018209,1,0,0,7,6
pl5,2018210,9,5,6,6,8
pl5,2018211,8,9,3,5,9
pl5,2018212,5,1,5,2,2
pl5,2018213,3,5,5,2,3
pl5,2018214,8,1,7,9,0
pl5,2018215,9,3,9,4,3
pl5,2018216,8,9,0,1,8
pl5,2018217,8,5,6,0,6
pl5,2018218,8,7,7,7,4
pl5,2018219,8,7,1,5,2
pl5,2018220,2,0,8,2,3
pl5,2018221,5,9,8,5,6
pl5,2018222,3,2,3,2,8
pl5,2018223,1,9,7,0,1
pl5,2018224,7,9,1,2,7
pl5,2018225,6,4,8,8,4
pl5,2018226,9,2,9,4,1
pl5,2018227,0,8,8,7,3
pl5,2018228,8,2,9,9,2
pl5,2018229,4,4,3,7,9
pl5,2018230,7,6,4,6,5
pl5,2018231,5,1,6,6,3
pl5,2018232,5,3,1,4,2
pl5,2018233,1,1,1,1,9
pl5,2018234,5,0,5,0,9
pl5,2018235,5,8,4,6,8
pl5,2018236,7,0,3,0,5
pl5,2018237,1,5,7,0,1
pl5,2018238,3,9,2,3,1
pl5,2018239,8,3,7,5,2
pl5,2018240,4,9,2,1,5
pl5,2018241,1,7,0,0,2
pl5,2018242,0,9,7,5,1
pl5,2018243,7,9,0,3,0
pl5,2018244,6,4,9,8,5
pl5,2018245,0,5,1,0,6
pl5,2018246,9,1,6,1,0
pl5,2018247,3,0,3,6,5
pl5,2018248,9,3,9,9,1
pl5,2018249,2,8,9,8,6
pl5,2018250,9,1,7,3,8
pl5,2018251,0,3,0,6,1
pl5,2018252,5,7,8,2,9
pl5,2018253,8,5,2,8,2
pl5,2018254,0,2,1,5,2
pl5,2018255,7,1,0,7,5
pl5,2018256,1,4,7,1,7
pl5,2018257,6,0,3,5,5
pl5,2018258,0,4,5,8,1
pl5,2018259,1,4,9,0,8
pl5,2018260,6,6,4,5,4
pl5,2018261,3,5,2,3,9
pl5,2018262,3,6,7,0,4
pl5,2018263,4,5,2,6,0
pl5,2018264,1,9,0,2,2
pl5,2018265,1,8,0,3,6
pl5,2018266,6,9,7,6,6
pl5,2018267,1,0,5,4,9
pl5,2018268,1,8,7,7,1
pl5,2018269,4,2,6,7,5
pl5,2018270,9,5,9,7,8
pl5,2018271,7,7,5,7,1
pl5,2018272,0,7,8,0,1
pl5,2018273,6,2,4,1,5
pl5,2018274,6,5,6,1,6
pl5,2018275,3,9,3,5,6
pl5,2018276,4,1,8,8,8
pl5,2018277,0,2,5,2,7
pl5,2018278,8,1,2,8,8
pl5,2018279,6,4,5,6,5
pl5,2018280,9,5,1,2,9
pl5,2018281,1,0,6,0,8
pl5,2018282,7,8,0,4,4
pl5,2018283,8,9,9,8,6
pl5,2018284,8,5,8,2,4
pl5,2018285,0,8,0,2,3
pl5,2018286,9,3,1,3,5
pl5,2018287,0,5,1,8,3
pl5,2018288,2,7,4,4,7
pl5,2018289,9,1,3,0,1
pl5,2018290,5,3,5,3,2
pl5,2018291,6,3,9,8,6
pl5,2018292,4,5,9,3,2
pl5,2018293,1,5,1,2,5
pl5,2018294,8,3,2,0,8
pl5,2018295,1,6,8,0,7
pl5,2018296,0,3,0,7,6
pl5,2018297,4,6,1,7,1
pl5,2018298,2,5,3,2,3
pl5,2018299,4,8,9,9,7
pl5,2018300,0,9,4,8,0
pl5,2018301,9,0,1,7,5
pl5,2018302,1,9,9,4,0
pl5,2018303,6,0,8,9,5
pl5,2018304,0,2,0,4,1
pl5,2018305,1,9,0,6,0
pl5,2018306,0,0,0,5,8
pl5,2018307,6,4,8,4,4
pl5,2018308,4,1,2,7,2
pl5,2018309,7,4,3,0,4
pl5,2018310,3,6,7,4,9
pl5,2018311,8,6,4,5,0
pl5,2018312,1,1,5,0,0
pl5,2018313,3,8,3,2,7
pl5,2018314,8,6,7,6,5
pl5,2018315,7,7,3,9,9
pl5,2018316,7,3,1,4,2
pl5,2018317,2,9,9,8,6
pl5,2018318,3,4,6,6,3
pl5,2018319,4,0,8,1,5
pl5,2018320,3,2,9,4,4
pl5,2018321,8,2,9,1,8
pl5,2018322,4,3,4,0,9
pl5,2018323,2,6,5,0,9
pl5,2018324,0,3,4,1,7
pl5,2018325,6,4,4,0,7
pl5,2018326,5,3,1,8,5
pl5,2018327,0,6,8,2,1
pl5,2018328,6,2,9,1,6
pl5,2018329,6,0,1,9,7
pl5,2018330,2,3,6,7,8
pl5,2018331,4,5,8,7,7
pl5,2018332,9,6,5,4,6
pl5,2018333,8,3,6,2,4
pl5,2018334,4,5,4,3,8
pl5,2018335,3,5,9,1,1
pl5,2018336,2,1,0,7,1
pl5,2018337,5,5,8,5,3
pl5,2018338,5,7,5,6,3
pl5,2018339,8,4,1,2,3
pl5,2018340,6,9,5,9,6
pl5,2018341,0,3,0,6,2
pl5,2018342,0,7,8,7,9
pl5,2018343,9,7,4,1,5
pl5,2018344,8,8,7,7,5
pl5,2018345,4,7,8,3,4
pl5,2018346,5,9,6,1,8
pl5,2018347,4,7,1,9,5
pl5,2018348,1,4,4,9,8
pl5,2018349,4,9,4,5,6
pl5,2018350,8,9,2,8,9
pl5,2018351,3,1,8,4,7
pl5,2018352,0,6,8,6,3
pl5,2018353,6,9,1,2,9
pl5,2018354,4,6,9,7,9
pl5,2018355,3,7,8,2,7
pl5,2018356,1,8,8,9,8
pl5,2018357,9,2,2,3,3
pl5,2018358,3,2,9,1,9
pl5,2019001,3,2,2,3,3
pl5,2019002,7,5,4,8,1
pl5,2019003,5,4,2,9,3
pl5,2019004,2,4,1,7,8
pl5,2019005,0,6,2,9,7
pl5,2019006,1,4,8,3,3
pl5,2019007,7,5,1,1,5
pl5,2019008,9,8,7,4,4
pl5,2019009,6,6,8,5,6
pl5,2019010,4,2,5,1,5
pl5,2019011,4,9,2,1,4
pl5,2019012,5,4,1,1,2
pl5,2019013,2,2,3,3,5
pl5,2019014,0,2,3,4,6
pl5,2019015,4,2,4,7,2
pl5,2019016,5,9,1,8,1
pl5,2019017,1,4,7,0,1
pl5,2019018,1,7,0,2,8
pl5,2019019,9,9,9,2,0
pl5,2019020,8,2,1,7,2
pl5,2019021,6,6,2,4,5
pl5,2019022,0,7,4,2,6
pl5,2019023,6,6,1,5,3
pl5,2019024,5,8,8,0,6
pl5,2019025,1,6,2,5,9
pl5,2019026,1,8,5,3,8
pl5,2019027,6,1,3,5,8
pl5,2019028,5,0,1,3,2
pl5,2019029,2,5,3,9,7
pl5,2019030,8,3,8,1,5
pl5,2019031,7,1,2,2,9
pl5,2019032,8,4,8,9,0
pl5,2019033,3,4,2,6,0
pl5,2019034,8,0,8,9,8
pl5,2019035,5,7,5,6,0
pl5,2019036,5,0,7,4,0
pl5,2019037,6,9,9,3,6
pl5,2019038,0,4,8,5,3
pl5,2019039,0,6,6,0,2
pl5,2019040,3,0,1,2,4
pl5,2019041,1,3,0,8,8
pl5,2019042,3,2,8,2,9
pl5,2019043,6,0,3,1,6
pl5,2019044,1,0,5,7,4
pl5,2019045,3,7,7,8,3
pl5,2019046,2,3,1,8,2
pl5,2019047,3,6,3,7,1
pl5,2019048,1,6,1,7,0
pl5,2019049,6,3,2,0,0
pl5,2019050,8,1,1,3,1
pl5,2019051,3,3,7,6,8
pl5,2019052,5,7,7,3,8
pl5,2019053,3,6,4,4,2
pl5,2019054,3,7,4,2,9
pl5,2019055,1,8,2,0,5
pl5,2019056,2,5,2,5,4
pl5,2019057,8,6,8,7,9
pl5,2019058,4,1,7,5,8
pl5,2019059,1,0,4,1,7
pl5,2019060,2,3,9,5,9
pl5,2019061,2,8,8,1,2
pl5,2019062,8,4,8,4,8
pl5,2019063,2,1,1,8,7
pl5,2019064,7,5,2,2,2
pl5,2019065,4,3,2,6,2
pl5,2019066,2,5,7,9,2
pl5,2019067,5,7,9,0,8
pl5,2019068,5,5,0,9,6
pl5,2019069,7,9,3,2,3
pl5,2019070,7,5,5,4,0
pl5,2019071,2,0,5,2,6
pl5,2019072,9,2,1,9,8
pl5,2019073,7,0,9,9,4
pl5,2019074,8,4,2,5,4
pl5,2019075,4,2,9,6,6
pl5,2019076,2,1,4,0,8
pl5,2019077,5,1,4,4,6
pl5,2019078,2,3,9,2,6
pl5,2019079,0,8,7,2,5
pl5,2019080,3,1,6,5,4
pl5,2019081,9,5,4,0,1
pl5,2019082,5,9,5,6,1
pl5,2019083,0,5,8,3,9
pl5,2019084,3,0,2,3,3
pl5,2019085,6,1,2,5,8
pl5,2019086,3,4,9,3,0
pl5,2019087,0,5,8,0,6
pl5,2019088,3,8,1,6,0
pl5,2019089,3,8,2,3,9
pl5,2019090,7,8,5,1,9
pl5,2019091,0,3,5,4,4
pl5,2019092,5,1,2,6,5
pl5,2019093,5,2,5,1,7
pl5,2019094,0,8,8,7,4
pl5,2019095,1,1,4,5,3
pl5,2019096,9,1,2,5,0
pl5,2019097,0,7,1,4,5
pl5,2019098,5,4,9,6,2
pl5,2019099,4,6,1,8,8
pl5,2019100,3,8,8,8,6
pl5,2019101,5,6,1,3,4
pl5,2019102,0,5,6,3,8
pl5,2019103,3,4,5,6,5
pl5,2019104,4,6,1,4,0
pl5,2019105,4,5,8,6,2
pl5,2019106,3,8,4,2,0
pl5,2019107,2,1,4,6,4
pl5,2019108,3,0,9,3,1
pl5,2019109,9,8,3,0,0
pl5,2019110,3,0,3,0,5
pl5,2019111,4,8,6,0,2
pl5,2019112,5,4,5,9,9
pl5,2019113,4,7,2,7,7
pl5,2019114,9,4,9,3,8
pl5,2019115,0,0,8,1,2
pl5,2019116,8,2,4,4,7
pl5,2019117,3,5,8,6,8
pl5,2019118,6,2,0,9,9
pl5,2019119,2,1,1,5,5
pl5,2019120,9,1,1,2,5
pl5,2019121,8,8,2,4,7
pl5,2019122,6,9,2,1,3
pl5,2019123,4,7,1,8,3
pl5,2019124,2,7,0,9,1
pl5,2019125,4,8,5,3,5
pl5,2019126,1,8,9,1,9
pl5,2019127,2,8,0,2,3
pl5,2019128,0,6,4,0,3
pl5,2019129,5,4,0,5,2
pl5,2019130,7,2,5,3,3
pl5,2019131,6,2,7,7,1
pl5,2019132,5,9,3,2,1
pl5,2019133,1,9,7,3,2
pl5,2019134,4,1,9,1,1
pl5,2019135,0,9,4,5,5
pl5,2019136,9,3,9,8,7
pl5,2019137,7,7,6,1,9
pl5,2019138,0,0,7,4,9
pl5,2019139,4,0,6,1,3
pl5,2019140,1,5,4,0,2
pl5,2019141,0,0,4,0,8
pl5,2019142,0,8,3,0,7
pl5,2019143,5,8,1,9,8
pl5,2019144,4,8,9,5,9
pl5,2019145,0,8,8,3,2
pl5,2019146,3,7,4,2,5
pl5,2019147,5,3,4,6,2
pl5,2019148,1,9,1,5,7
pl5,2019149,8,8,0,5,2
pl5,2019150,9,6,6,3,7
pl5,2019151,5,7,5,8,1
pl5,2019152,2,8,5,6,1
pl5,2019153,0,6,0,4,5
pl5,2019154,3,7,8,3,8
pl5,2019155,0,8,1,1,6
pl5,2019156,6,5,9,2,2
pl5,2019157,3,1,2,6,2
pl5,2019158,7,2,1,0,3
pl5,2019159,1,9,6,3,2
pl5,2019160,4,6,5,9,6
pl5,2019161,9,9,7,3,6
pl5,2019162,6,1,0,2,3
pl5,2019163,4,9,3,9,0
pl5,2019164,7,9,7,1,9
pl5,2019165,1,1,2,0,3
pl5,2019166,8,6,5,6,0
pl5,2019167,3,0,7,5,9
pl5,2019168,7,0,3,2,9
pl5,2019169,0,4,1,5,1
pl5,2019170,3,6,4,7,5
pl5,2019171,4,4,3,7,2
pl5,2019172,7,5,2,5,4
pl5,2019173,8,8,4,7,6
pl5,2019174,3,9,9,1,5
pl5,2019175,3,8,9,5,8
pl5,2019176,0,9,6,4,6
pl5,2019177,2,3,2,6,7
pl5,2019178,7,7,4,6,2
pl5,2019179,7,6,1,3,2
pl5,2019180,2,4,8,5,7
pl5,2019181,3,0,6,0,9
pl5,2019182,7,6,1,5,5
pl5,2019183,8,3,2,6,2
pl5,2019184,4,4,9,5,3
pl5,2019185,4,3,6,9,5
pl5,2019186,5,4,7,6,0
pl5,2019187,8,9,9,8,5
pl5,2019188,3,1,6,2,3
pl5,2019189,8,9,0,9,1
pl5,2019190,1,7,0,2,3
pl5,2019191,2,5,0,3,4
pl5,2019192,7,2,9,4,7
pl5,2019193,6,5,2,0,1
pl5,2019194,3,1,8,4,9
pl5,2019195,6,8,9,1,5
pl5,2019196,6,4,5,2,8
pl5,2019197,6,2,2,5,2
pl5,2019198,2,5,7,3,0
pl5,2019199,4,7,6,2,8
pl5,2019200,4,7,1,7,0
pl5,2019201,2,3,2,0,4
pl5,2019202,8,2,3,9,4
pl5,2019203,1,0,3,9,6
pl5,2019204,5,6,2,1,6
pl5,2019205,1,8,7,1,2
pl5,2019206,9,1,7,8,4
pl5,2019207,1,1,7,7,9
pl5,2019208,8,5,7,4,8
pl5,2019209,8,6,5,1,3
pl5,2019210,7,7,3,6,0
pl5,2019211,5,9,0,0,6
pl5,2019212,7,7,2,5,3
pl5,2019213,7,2,8,6,2
pl5,2019214,9,2,1,1,0
pl5,2019215,8,7,6,8,6
pl5,2019216,6,5,8,0,9
pl5,2019217,1,2,3,2,5
pl5,2019218,6,4,9,2,5
pl5,2019219,3,8,2,0,2
pl5,2019220,3,2,9,7,6
pl5,2019221,7,9,6,1,6
pl5,2019222,9,0,9,8,0
pl5,2019223,5,3,4,7,4
pl5,2019224,0,9,3,1,0
pl5,2019225,3,9,1,6,6
pl5,2019226,3,9,6,1,8
pl5,2019227,8,2,3,9,8
pl5,2019228,9,7,8,9,4
pl5,2019229,9,4,8,5,4
pl5,2019230,6,3,0,5,2
pl5,2019231,9,3,5,7,0
pl5,2019232,7,7,2,7,4
pl5,2019233,5,3,1,1,0
pl5,2019234,2,4,5,6,0
pl5,2019235,4,2,2,2,2
pl5,2019236,0,2,1,4,7
pl5,2019237,8,0,8,2,6
pl5,2019238,4,1,0,3,1
pl5,2019239,4,9,1,6,1
pl5,2019240,8,9,4,1,1
pl5,2019241,3,8,5,1,0
pl5,2019242,8,9,2,4,8
pl5,2019243,5,1,1,6,9
pl5,2019244,0,9,0,1,4
pl5,2019245,5,9,5,8,5
pl5,2019246,4,2,7,5,0
pl5,2019247,4,8,9,1,8
pl5,2019248,3,1,1,0,1
pl5,2019249,6,2,9,8,2
pl5,2019250,1,7,1,6,3
pl5,2019251,2,7,2,5,1
pl5,2019252,4,1,6,7,1
pl5,2019253,6,3,9,0,6
pl5,2019254,6,1,8,6,6
pl5,2019255,2,7,2,2,6
pl5,2019256,4,7,4,1,2
pl5,2019257,8,7,1,1,4
pl5,2019258,5,1,1,9,7
pl5,2019259,4,3,2,2,7
pl5,2019260,1,6,2,0,2
pl5,2019261,8,6,5,4,6
pl5,2019262,7,8,5,7,3
pl5,2019263,9,8,4,0,6
pl5,2019264,6,6,9,7,8
pl5,2019265,5,9,0,6,3
pl5,2019266,4,6,1,9,1
pl5,2019267,0,3,5,4,4
pl5,2019268,0,8,1,2,6
pl5,2019269,8,5,4,0,3
pl5,2019270,6,0,1,8,8
pl5,2019271,9,5,1,7,6
pl5,2019272,0,1,4,1,6
pl5,2019273,8,2,2,7,5
pl5,2019274,1,0,2,0,7
pl5,2019275,2,8,7,6,1
pl5,2019276,8,1,8,5,0
pl5,2019277,7,3,7,9,7
pl5,2019278,1,9,4,0,9
pl5,2019279,1,7,7,5,1
pl5,2019280,2,9,4,0,6
pl5,2019281,0,0,5,2,3
pl5,2019282,6,2,6,1,4
pl5,2019283,0,4,9,4,4
pl5,2019284,9,9,2,9,6
pl5,2019285,0,7,1,4,9
pl5,2019286,7,7,4,7,1
pl5,2019287,3,3,7,2,3
pl5,2019288,7,8,9,1,1
pl5,2019289,2,4,9,7,2
pl5,2019290,4,8,5,1,6
pl5,2019291,6,7,6,3,6
pl5,2019292,4,8,6,8,8
pl5,2019293,5,9,9,7,9
pl5,2019294,7,5,8,3,7
pl5,2019295,3,3,5,2,3
pl5,2019296,8,7,0,2,0
pl5,2019297,5,2,5,2,4
pl5,2019298,5,5,5,0,3
pl5,2019299,5,7,8,2,3
pl5,2019300,5,3,7,2,4
pl5,2019301,3,7,9,1,5
pl5,2019302,7,4,4,9,6
pl5,2019303,6,6,9,1,6
pl5,2019304,6,6,3,6,6
pl5,2019305,4,8,2,8,8
pl5,2019306,6,4,7,4,9
pl5,2019307,0,2,7,8,6
pl5,2019308,6,7,5,6,7
pl5,2019309,3,5,4,1,1
pl5,2019310,7,5,4,0,0
pl5,2019311,1,1,4,2,7
pl5,2019312,5,7,6,1,1
pl5,2019313,2,4,1,0,9
pl5,2019314,2,0,0,3,4
pl5,2019315,4,5,1,6,0
pl5,2019316,4,8,1,7,9
pl5,2019317,4,2,3,3,8
pl5,2019318,3,1,9,6,9
pl5,2019319,3,3,1,6,5
pl5,2019320,7,8,7,8,3
pl5,2019321,5,9,3,0,5
pl5,2019322,9,7,2,2,5
pl5,2019323,8,3,0,7,1
pl5,2019324,3,7,3,6,1
pl5,2019325,7,4,4,2,9
pl5,2019326,2,0,9,1,3
pl5,2019327,7,7,0,3,0
pl5,2019328,5,9,6,1,2
pl5,2019329,4,1,2,2,7
pl5,2019330,3,9,7,1,7
pl5,2019331,8,6,0,2,0
pl5,2019332,2,5,4,7,5
pl5,2019333,3,8,3,2,9
pl5,2019334,9,7,2,4,0
pl5,2019335,3,6,9,6,4
pl5,2019336,2,3,4,5,4
pl5,2019337,4,0,7,5,3
pl5,2019338,5,4,7,6,9
pl5,2019339,9,0,1,2,6
pl5,2019340,3,8,3,9,7
pl5,2019341,0,3,0,6,0
pl5,2019342,1,7,8,4,9
pl5,2019343,9,5,2,0,5
pl5,2019344,0,8,7,0,9
pl5,2019345,8,7,4,0,8
pl5,2019346,5,8,9,4,0
pl5,2019347,5,4,9,4,8
pl5,2019348,0,5,5,5,3
pl5,2019349,3,3,8,8,8
pl5,2019350,8,1,8,1,0
pl5,2019351,9,7,7,5,7
pl5,2020001,2,0,2,2,8
pl5,2020002,1,6,1,3,6
pl5,2020003,8,9,3,6,9
pl5,2020004,4,9,8,9,9
pl5,2020005,5,6,9,0,3
pl5,2020006,0,8,3,6,0
pl5,2020007,3,0,9,7,4
pl5,2020008,1,8,8,3,4
pl5,2020009,2,0,8,1,2
pl5,2020010,0,1,1,1,1
pl5,2020011,4,5,9,5,1
pl5,2020012,3,1,3,9,9
pl5,2020013,0,8,1,0,7
pl5,2020014,1,6,1,5,0
pl5,2020015,3,2,2,7,3
pl5,2020016,4,0,2,5,8
pl5,2020017,7,2,8,4,8
pl5,2020018,5,8,5,1,1
pl5,2020019,9,7,3,3,9
pl5,2020020,1,6,6,2,7
pl5,2020021,9,6,4,6,2
pl5,2020022,6,3,4,2,8
pl5,2020023,0,6,1,4,1
pl5,2020024,6,1,4,1,0
pl5,2020025,4,2,4,0,5
pl5,2020026,7,0,5,6,5
pl5,2020027,2,3,9,6,9
pl5,2020028,5,1,3,2,2
pl5,2020029,3,9,5,1,5
pl5,2020030,7,1,9,9,7
pl5,2020031,9,3,7,8,6
pl5,2020032,6,8,8,7,1
pl5,2020033,7,6,7,8,7
pl5,2020034,4,7,3,9,8
pl5,2020035,3,2,8,1,6
pl5,2020036,3,0,1,5,1
pl5,2020037,1,2,0,2,7
pl5,2020038,7,3,9,2,9
pl5,2020039,8,4,6,1,9
pl5,2020040,3,8,9,2,3
pl5,2020041,7,0,5,1,0
pl5,2020042,2,7,4,3,6
pl5,2020043,0,7,0,8,9
pl5,2020044,1,2,0,7,5
pl5,2020045,0,3,1,6,5
pl5,2020046,3,2,4,1,9
pl5,2020047,8,0,9,9,6
pl5,2020048,8,5,4,0,3
pl5,2020049,7,1,0,7,2
pl5,2020050,5,9,3,5,4
pl5,2020051,7,5,3,5,0
pl5,2020052,2,2,3,3,0
pl5,2020053,5,8,8,4,6
pl5,2020054,0,8,7,1,6
pl5,2020055,6,5,9,3,1
pl5,2020056,5,7,8,3,4
pl5,2020057,0,5,7,0,8
pl5,2020058,2,2,8,0,2
pl5,2020059,0,1,9,6,5
pl5,2020060,4,9,0,4,1
pl5,2020061,1,5,2,7,9
pl5,2020062,3,1,8,8,9
pl5,2020063,5,3,1,6,4
pl5,2020064,3,5,2,0,3
pl5,2020065,1,9,9,8,7
pl5,2020066,2,6,2,6,3
pl5,2020067,4,7,7,0,4
pl5,2020068,4,1,0,7,5
pl5,2020069,7,8,8,4,3
pl5,2020070,8,0,4,6,3
pl5,2020071,3,8,4,0,3
pl5,2020072,7,9,0,5,1
pl5,2020073,6,6,9,1,2
pl5,2020074,2,2,4,6,3
pl5,2020075,5,8,5,5,0
pl5,2020076,8,6,4,3,6
pl5,2020077,2,1,3,4,8
pl5,2020078,3,5,6,6,3
pl5,2020079,1,0,3,9,8
pl5,2020080,3,8,4,7,9
pl5,2020081,2,6,2,0,2
pl5,2020082,8,8,9,5,5
pl5,2020083,0,9,6,5,9
pl5,2020084,5,6,7,5,4
pl5,2020085,8,3,5,0,2
pl5,2020086,9,7,2,5,0
pl5,2020087,3,4,3,3,6
pl5,2020088,5,5,1,6,3
pl5,2020089,0,8,7,2,1
pl5,2020090,5,5,9,7,2
pl5,2020091,5,9,9,8,0
pl5,2020092,6,1,6,1,8
pl5,2020093,7,3,0,5,2
pl5,2020094,3,2,8,7,5
pl5,2020095,4,2,5,8,8
pl5,2020096,7,1,8,5,3
pl5,2020097,9,3,5,6,4
pl5,2020098,4,4,9,6,3
pl5,2020099,7,9,8,9,7
pl5,2020100,0,6,4,3,8
pl5,2020101,2,6,7,7,6
pl5,2020102,8,7,7,9,4
pl5,2020103,9,0,4,9,1
pl5,2020104,2,9,5,9,5
pl5,2020105,5,9,8,4,3
pl5,2020106,4,4,0,2,0
pl5,2020107,1,9,8,4,3
pl5,2020108,2,6,7,7,7
pl5,2020109,3,1,7,4,0
pl5,2020110,2,8,2,3,6
pl5,2020111,6,7,5,0,6
pl5,2020112,4,2,1,6,3
pl5,2020113,0,7,5,0,1
pl5,2020114,0,6,5,5,5
pl5,2020115,5,5,2,8,2
pl5,2020116,9,3,4,0,2
pl5,2020117,8,3,4,4,8
pl5,2020118,2,0,4,6,3
pl5,2020119,1,6,0,4,6
pl5,2020120,2,4,2,6,1
pl5,2020121,7,1,8,4,1
pl5,2020122,6,3,9,9,2
pl5,2020123,2,4,8,0,4
pl5,2020124,6,2,9,6,6
pl5,2020125,6,6,0,0,8
pl5,2020126,4,9,4,2,4
pl5,2020127,3,2,5,2,0
pl5,2020128,0,8,6,8,7
pl5,2020129,0,1,1,9,8
pl5,2020130,9,6,8,1,5
pl5,2020131,3,5,8,4,4
pl5,2020132,8,7,9,5,8
pl5,2020133,0,7,7,0,1
pl5,2020134,7,5,3,2,5
pl5,2020135,6,0,3,3,6
pl5,2020136,5,5,2,8,7
pl5,2020137,1,0,2,9,1
pl5,2020138,0,0,4,1,8
pl5,2020139,9,5,6,9,6
pl5,2020140,5,1,5,2,7
pl5,2020141,8,3,3,2,1
pl5,2020142,7,1,3,1,6
pl5,2020143,8,5,4,6,4
pl5,2020144,6,1,0,7,2
pl5,2020145,8,4,6,2,4
pl5,2020146,8,8,0,5,0
pl5,2020147,0,7,9,6,4
pl5,2020148,9,6,4,1,3
pl5,2020149,3,3,4,9,4
pl5,2020150,3,7,3,5,8
pl5,2020151,8,0,0,4,5
pl5,2020152,6,9,8,8,0
pl5,2020153,0,6,6,5,8
pl5,2020154,8,1,0,6,2
pl5,2020155,0,1,2,3,7
pl5,2020156,0,9,8,9,3
pl5,2020157,7,6,4,9,9
pl5,2020158,2,6,6,2,4
pl5,2020159,4,8,1,1,7
pl5,2020160,9,2,0,8,7
pl5,2020161,7,0,4,4,1
pl5,2020162,6,2,8,1,6
pl5,2020163,2,3,0,3,2
pl5,2020164,4,8,4,2,0
pl5,2020165,0,5,9,6,4
pl5,2020166,3,4,3,3,8
pl5,2020167,8,4,1,8,8
pl5,2020168,7,8,6,9,2
pl5,2020169,1,2,2,4,1
pl5,2020170,6,5,0,5,5
pl5,2020171,2,4,3,8,4
pl5,2020172,6,0,3,8,7
pl5,2020173,3,1,7,8,1
pl5,2020174,2,9,4,9,5
pl5,2020175,9,4,4,4,4
pl5,2020176,9,6,2,5,7
pl5,2020177,4,8,1,0,6
pl5,2020178,3,3,7,4,7
pl5,2020179,0,6,9,7,2
pl5,2020180,1,2,7,8,7
pl5,2020181,2,9,3,7,5
pl5,2020182,9,1,3,8,2
pl5,2020183,8,6,6,6,7
pl5,2020184,5,5,5,5,7
pl5,2020185,1,9,7,8,3
pl5,2020186,5,4,7,8,8
pl5,2020187,1,4,3,1,3
pl5,2020188,2,9,4,1,5
pl5,2020189,9,1,7,2,1
pl5,2020190,7,3,3,6,3
pl5,2020191,9,3,6,6,7
pl5,2020192,8,4,9,8,8
pl5,2020193,3,0,9,6,6
pl5,2020194,4,3,6,9,8
pl5,2020195,8,3,9,9,5
pl5,2020196,8,4,1,6,0
pl5,2020197,4,2,9,9,2
pl5,2020198,6,1,2,2,3
pl5,2020199,7,0,8,5,5
pl5,2020200,0,2,3,1,7
pl5,2020201,8,1,6,6,8
pl5,2020202,2,6,0,4,9
pl5,2020203,6,7,7,8,3
pl5,2020204,0,7,4,8,9
pl5,2020205,6,8,1,1,2
pl5,2020206,6,1,1,3,0
pl5,2020207,3,7,8,1,7
pl5,2020208,8,1,1,0,3
pl5,2020209,2,0,7,3,2
pl5,2020210,3,2,6,0,4
pl5,2020211,4,6,3,6,1
pl5,2020212,5,5,9,7,4
pl5,2020213,7,3,6,2,4
pl5,2020214,8,6,0,7,2
pl5,2020215,7,9,7,0,3
pl5,2020216,6,2,3,8,6
pl5,2020217,7,1,9,0,3
pl5,2020218,6,4,8,3,8
pl5,2020219,0,2,0,5,2
pl5,2020220,2,9,3,4,9
pl5,2020221,4,4,2,6,4
pl5,2020222,5,2,8,8,1
pl5,2020223,2,3,1,8,6
pl5,2020224,9,3,9,6,9
pl5,2020225,0,2,7,1,3
pl5,2020226,2,0,0,2,5
pl5,2020227,1,8,8,0,5
pl5,2020228,4,3,0,4,3
pl5,2020229,9,1,1,0,6
pl5,2020230,5,7,3,9,8
pl5,2020231,1,1,5,9,5
pl5,2020232,0,5,6,2,3
pl5,2020233,3,9,3,3,8
pl5,2020234,6,1,0,3,1
pl5,2020235,2,8,4,6,6
pl5,2020236,9,9,8,5,3
pl5,2020237,5,2,4,9,0
pl5,2020238,2,7,5,3,4
pl5,2020239,8,2,1,0,9
pl5,2020240,8,6,1,4,5
pl5,2020241,0,4,9,3,7
pl5,2020242,8,2,8,0,7
pl5,2020243,0,8,2,3,9
pl5,2020244,9,7,8,9,5
pl5,2020245,8,9,5,2,0
pl5,2020246,5,2,5,9,2
pl5,2020247,9,8,0,8,5
pl5,2020248,9,6,2,1,6
pl5,2020249,7,0,0,5,8
pl5,2020250,8,3,9,5,1
pl5,2020251,2,5,2,3,4
pl5,2020252,7,6,1,6,4
pl5,2020253,8,5,8,5,7
pl5,2020254,1,2,0,1,5
pl5,2020255,4,6,0,8,1
pl5,2020256,2,0,8,2,1
pl5,2020257,2,5,8,4,6
pl5,2020258,4,6,8,2,6
pl5,2020259,2,3,0,0,5
pl5,2020260,2,7,8,6,1
pl5,2020261,8,3,3,3,2
pl5,2020262,6,6,5,7,0
pl5,2020263,8,0,9,7,2
pl5,2020264,1,6,0,6,7
pl5,2020265,7,7,0,4,3
pl5,2020266,1,1,0,8,7
pl5,2020267,6,2,5,8,1
pl5,2020268,6,3,5,8,0
pl5,2020269,6,9,3,7,6
pl5,2020270,4,1,4,4,1
pl5,2020271,9,2,9,5,5
pl5,2020272,2,4,3,8,2
pl5,2020273,1,7,4,8,8
pl5,2020274,5,9,5,6,3
pl5,2020275,7,1,6,3,4
pl5,2020276,9,9,4,8,8
pl5,2020277,5,6,7,8,8
pl5,2020278,2,7,4,8,1
pl5,2020279,9,3,2,9,1
pl5,2020280,1,6,0,6,4
pl5,2020281,9,5,1,7,9
pl5,2020282,2,5,7,4,5
pl5,2020283,5,7,0,9,8
pl5,2020284,3,3,7,8,7
pl5,2020285,1,4,4,0,9
pl5,2020286,5,1,9,8,8
pl5,2020287,2,7,6,3,0
pl5,2020288,6,9,3,4,6
pl5,2020289,5,9,3,7,2
pl5,2020290,8,4,6,5,9
pl5,2020291,4,6,8,8,4
pl5,2020292,7,6,7,2,9
pl5,2020293,2,0,3,4,9
pl5,2020294,6,3,0,3,4
pl5,2020295,8,3,9,8,5
pl5,2020296,2,5,1,8,2
pl5,2020297,7,4,5,7,3
pl5,2020298,2,9,0,2,7
pl5,2020299,3,2,3,2,9
pl5,2020300,4,1,2,4,7
pl5,2020301,4,1,8,5,1
pl5,2020302,1,0,8,0,8
pl5,2020303,9,0,6,2,9
pl5,2020304,6,2,7,0,5
pl5,2020305,3,7,3,5,8
pl5,2020306,4,3,8,6,2
pl5,2020307,6,9,5,5,5
pl5,2020308,5,7,4,3,0
pl5,2020309,2,7,2,5,8
pl5,2020310,5,0,3,5,6
pl5,2020311,5,8,0,0,2
pl5,2020312,6,1,4,8,6
pl5,2021001,3,2,6,4,3
pl5,2021002,3,5,5,2,2
pl5,2021003,8,8,0,4,9
pl5,2021004,5,0,1,5,3
pl5,2021005,6,3,3,7,8
pl5,2021006,9,0,8,4,7
pl5,2021007,9,0,1,2,2
pl5,2021008,6,4,7,8,2
pl5,2021009,2,3,1,8,9
pl5,2021010,7,4,3,9,6
pl5,2021011,9,6,0,4,2
pl5,2021012,9,0,6,4,1
pl5,2021013,8,8,7,2,6
pl5,2021014,7,9,0,3,6
pl5,2021015,6,5,9,9,7
pl5,2021016,2,2,3,4,1
pl5,2021017,0,0,1,0,1
pl5,2021018,4,6,8,2,6
pl5,2021019,2,5,2,5,9
pl5,2021020,3,9,8,0,3
pl5,2021021,9,7,2,8,0
pl5,2021022,9,6,3,9,6
pl5,2021023,8,4,0,6,7
pl5,2021024,3,4,2,8,9
pl5,2021025,8,5,9,6,6
pl5,2021026,4,2,6,7,0
pl5,2021027,0,2,3,6,5
pl5,2021028,7,9,0,7,5
pl5,2021029,8,6,5,9,8
pl5,2021030,2,2,5,5,2
pl5,2021031,7,1,4,2,8
pl5,2021032,3,7,3,1,9
pl5,2021033,4,5,2,7,0
pl5,2021034,5,3,4,3,2
pl5,2021035,5,4,6,3,8
pl5,2021036,9,5,6,8,9
pl5,2021037,1,6,1,1,6
pl5,2021038,4,9,2,6,5
pl5,2021039,6,7,5,7,3
pl5,2021040,3,4,1,9,9
pl5,2021041,9,9,2,8,2
pl5,2021042,9,5,6,4,8
pl5,2021043,0,5,4,0,8
pl5,2021044,2,6,9,7,1
pl5,2021045,2,5,2,5,4
pl5,2021046,0,4,7,7,8
pl5,2021047,6,2,6,8,8
pl5,2021048,9,4,5,6,7
pl5,2021049,6,0,3,9,3
pl5,2021050,4,6,0,7,2
pl5,2021051,7,3,0,0,3
pl5,2021052,9,8,6,5,9
pl5,2021053,9,5,4,8,8
pl5,2021054,1,2,5,4,5
pl5,2021055,6,0,7,8,6
pl5,2021056,6,2,2,4,7
pl5,2021057,2,5,7,1,8
pl5,2021058,9,7,2,1,4
pl5,2021059,6,3,6,2,0
pl5,2021060,6,5,5,6,0
pl5,2021061,3,6,8,6,7
pl5,2021062,4,4,6,8,6
pl5,2021063,6,7,3,3,3
pl5,2021064,6,2,6,0,5
pl5,2021065,6,4,2,9,4
pl5,2021066,5,2,3,0,6
pl5,2021067,1,7,0,1,3
pl5,2021068,0,4,5,5,8
pl5,2021069,7,1,9,0,7
pl5,2021070,9,8,8,7,9
pl5,2021071,6,5,5,9,6
pl5,2021072,5,6,2,1,8
pl5,2021073,1,7,3,4,3
pl5,2021074,2,7,9,9,6
pl5,2021075,0,6,8,4,3
pl5,2021076,0,1,8,8,2
pl5,2021077,7,1,0,2,2
pl5,2021078,6,8,6,3,6
pl5,2021079,9,5,9,3,2
pl5,2021080,6,4,5,4,3
pl5,2021081,2,4,1,6,5
pl5,2021082,2,2,7,8,4
pl5,2021083,6,7,6,8,3
pl5,2021084,4,9,3,9,6
pl5,2021085,9,9,6,1,5
pl5,2021086,2,6,3,9,1
pl5,2021087,8,6,6,6,4
pl5,2021088,3,0,4,2,8
pl5,2021089,2,4,5,5,5
pl5,2021090,6,7,8,4,1
pl5,2021091,4,7,2,5,6
pl5,2021092,8,7,0,0,5
pl5,2021093,4,3,1,8,6
pl5,2021094,5,6,9,8,4
pl5,2021095,9,5,2,8,1
pl5,2021096,5,9,3,7,3
pl5,2021097,8,1,6,6,0
pl5,2021098,3,0,2,4,3
pl5,2021099,4,9,1,8,6
pl5,2021100,2,7,6,1,6
pl5,2021101,7,8,6,7,1
pl5,2021102,1,1,6,8,9
pl5,2021103,8,3,3,2,5
pl5,2021104,9,0,6,4,3
pl5,2021105,6,3,8,9,2
pl5,2021106,7,3,3,2,0
pl5,2021107,2,6,4,8,0
pl5,2021108,5,5,3,0,2
pl5,2021109,1,7,2,3,7
pl5,2021110,2,3,4,3,4
pl5,2021111,8,3,8,4,7
pl5,2021112,4,5,1,3,5
pl5,2021113,0,3,2,1,5
pl5,2021114,7,1,3,8,9
pl5,2021115,8,3,4,3,3
pl5,2021116,4,1,4,3,2
pl5,2021117,9,2,3,7,1
pl5,2021118,6,9,4,4,8
pl5,2021119,1,3,6,9,6
pl5,2021120,6,8,6,9,8
pl5,2021121,0,8,0,5,6
pl5,2021122,8,5,3,6,9
pl5,2021123,8,2,2,1,4
pl5,2021124,4,9,2,1,7
pl5,2021125,9,1,9,8,8
pl5,2021126,8,1,3,1,0
pl5,2021127,4,4,9,4,5
pl5,2021128,6,8,9,3,1
pl5,2021129,7,9,3,5,5
pl5,2021130,1,7,2,8,9
pl5,2021131,2,2,3,9,3
pl5,2021132,7,4,1,7,8
pl5,2021133,5,3,2,0,6
pl5,2021134,2,1,6,9,9
pl5,2021135,5,0,5,2,4
pl5,2021136,4,6,9,8,0
pl5,2021137,6,8,5,2,1
pl5,2021138,9,2,8,3,3
pl5,2021139,6,4,9,9,6
pl5,2021140,1,3,2,5,0
pl5,2021141,1,0,3,2,8
pl5,2021142,1,9,7,3,3
pl5,2021143,3,8,6,7,6
pl5,2021144,0,7,4,8,2
pl5,2021145,2,4,5,1,0
pl5,2021146,9,0,1,4,8
pl5,2021147,2,5,7,2,3
pl5,2021148,2,1,5,6,1
pl5,2021149,8,7,8,1,2
pl5,2021150,3,0,1,1,7
pl5,2021151,8,2,6,9,8
pl5,2021152,3,4,8,0,9
pl5,2021153,3,6,8,1,7
pl5,2021154,5,9,1,9,8
pl5,2021155,2,1,7,5,8
pl5,2021156,7,3,2,8,2
pl5,2021157,2,1,9,1,0
pl5,2021158,9,0,5,9,7
pl5,2021159,2,3,7,9,3
pl5,2021160,9,5,8,7,0
pl5,2021161,7,6,2,4,4
pl5,2021162,7,9,3,9,8
pl5,2021163,6,1,1,7,3
pl5,2021164,1,3,7,6,2
pl5,2021165,5,0,6,4,6
pl5,2021166,8,1,0,4,4
pl5,2021167,6,6,5,3,6
pl5,2021168,9,4,6,1,2
pl5,2021169,1,1,6,8,0
pl5,2021170,4,9,9,6,6
pl5,2021171,4,6,5,6,5
pl5,2021172,7,5,7,2,7
pl5,2021173,0,9,7,6,9
pl5,2021174,2,4,3,1,6
pl5,2021175,1,1,7,4,5
pl5,2021176,8,6,5,5,5
pl5,2021177,0,1,7,8,0
pl5,2021178,9,0,0,8,7
pl5,2021179,8,6,6,2,7
pl5,2021180,9,3,0,9,7
pl5,2021181,5,4,9,5,0
pl5,2021182,2,2,9,9,1
pl5,2021183,3,5,0,1,5
pl5,2021184,8,1,1,4,4
pl5,2021185,6,9,5,2,2
pl5,2021186,6,9,1,1,0
pl5,2021187,3,7,5,4,7
pl5,2021188,6,0,8,8,7
pl5,2021189,8,1,0,5,7
pl5,2021190,4,2,8,3,3
pl5,2021191,0,4,9,2,3
pl5,2021192,7,4,0,7,0
pl5,2021193,9,5,1,3,0
pl5,2021194,5,2,3,7,2
pl5,2021195,6,0,2,5,8
pl5,2021196,8,6,6,1,0
pl5,2021197,0,6,4,3,5
pl5,2021198,1,8,5,7,5
pl5,2021199,4,8,3,7,4
pl5,2021200,4,0,9,7,1
pl5,2021201,2,4,5,1,0
pl5,2021202,4,8,8,2,5
pl5,2021203,9,5,9,7,1
pl5,2021204,5,0,6,3,8
pl5,2021205,0,8,2,0,9
pl5,2021206,4,6,9,5,9
pl5,2021207,0,7,0,3,5
pl5,2021208,5,2,0,7,7
pl5,2021209,6,5,4,9,2
pl5,2021210,5,8,2,4,0
pl5,2021211,6,7,5,8,2
pl5,2021212,0,1,2,2,3
pl5,2021213,1,2,0,1,6
pl5,2021214,2,8,1,9,9
pl5,2021215,7,1,2,1,8
pl5,2021216,4,5,4,1,3
pl5,2021217,5,4,7,2,5
pl5,2021218,5,3,0,6,5
pl5,2021219,3,2,9,5,3
pl5,2021220,1,2,7,0,2
pl5,2021221,1,8,5,3,3
pl5,2021222,0,2,8,2,6
pl5,2021223,8,2,3,4,1
pl5,2021224,9,3,7,3,4
pl5,2021225,8,2,4,0,9
pl5,2021226,5,0,9,4,3
pl5,2021227,3,5,7,5,4
pl5,2021228,5,5,2,8,9
pl5,2021229,3,5,9,5,6
pl5,2021230,7,7,5,1,7
pl5,2021231,7,6,2,9,8
pl5,2021232,7,7,9,4,2
pl5,2021233,0,2,2,3,1
pl5,2021234,1,6,3,0,8
pl5,2021235,3,3,2,4,0
pl5,2021236,7,1,4,2,7
pl5,2021237,2,0,3,8,9
pl5,2021238,1,3,4,1,5
pl5,2021239,3,1,9,4,6
pl5,2021240,0,1,3,9,2
pl5,2021241,8,4,8,7,3
pl5,2021242,9,7,3,1,3
pl5,2021243,0,9,7,4,2
pl5,2021244,4,0,1,5,7
pl5,2021245,9,2,6,2,4
pl5,2021246,9,8,0,2,0
pl5,2021247,5,2,5,3,1
pl5,2021248,3,0,8,5,8
pl5,2021249,2,9,0,9,7
pl5,2021250,4,4,8,7,7
pl5,2021251,9,4,1,3,6
pl5,2021252,9,7,5,0,4
pl5,2021253,5,6,8,3,2
pl5,2021254,9,4,9,0,1
pl5,2021255,9,1,7,2,2
pl5,2021256,5,0,3,3,6
pl5,2021257,9,1,4,8,9
pl5,2021258,7,5,1,9,7
pl5,2021259,1,1,5,2,4
pl5,2021260,1,8,6,0,8
pl5,2021261,1,9,5,4,1
pl5,2021262,4,1,4,3,3
pl5,2021263,2,4,4,0,6
pl5,2021264,9,5,6,8,5
pl5,2021265,0,9,5,6,5
pl5,2021266,0,5,5,4,4
pl5,2021267,7,0,0,7,2
pl5,2021268,1,8,3,5,9
pl5,2021269,1,3,4,8,9
pl5,2021270,6,7,1,3,8
pl5,2021271,5,3,0,6,0
pl5,2021272,0,2,8,2,1
pl5,2021273,3,1,6,0,3
pl5,2021274,8,1,2,7,1
pl5,2021275,2,7,6,5,1
pl5,2021276,5,0,4,0,7
pl5,2021277,7,0,0,4,8
pl5,2021278,1,5,7,0,9
pl5,2021279,1,1,1,1,4
pl5,2021280,8,6,8,3,9
pl5,2021281,5,9,7,8,7
pl5,2021282,4,7,0,7,3
pl5,2021283,8,0,6,4,8
pl5,2021284,5,0,4,1,2
pl5,2021285,7,8,0,0,5
pl5,2021286,8,5,3,0,5
pl5,2021287,7,7,0,8,1
pl5,2021288,5,6,6,4,1
pl5,2021289,3,2,1,0,9
pl5,2021290,4,8,9,8,3
pl5,2021291,0,4,4,3,6
pl5,2021292,5,2,1,2,9
pl5,2021293,4,2,0,3,9
pl5,2021294,4,8,8,0,1
pl5,2021295,2,3,5,5,6
pl5,2021296,4,6,8,3,2
pl5,2021297,5,1,2,0,4
pl5,2021298,5,8,9,8,1
pl5,2021299,8,8,8,5,9
pl5,2021300,1,4,0,6,2
pl5,2021301,6,2,2,8,1
pl5,2021302,9,2,5,6,1
pl5,2021303,1,4,3,2,1
pl5,2021304,9,0,0,6,9
pl5,2021305,1,5,6,6,2
pl5,2021306,2,3,3,9,8
pl5,2021307,1,8,3,4,9
pl5,2021308,8,3,8,7,4
pl5,2021309,4,5,7,2,7
pl5,2021310,1,4,8,8,0
pl5,2021311,8,0,5,5,8
pl5,2021312,0,0,8,5,1
pl5,2021313,5,9,3,9,2
pl5,2021314,1,9,4,0,3
pl5,2021315,4,8,4,8,5
pl5,2021316,6,8,8,0,1
pl5,2021317,3,5,5,3,2
pl5,2021318,7,3,1,5,9
pl5,2021319,0,8,6,2,1
pl5,2021320,9,4,0,3,3
pl5,2021321,9,7,7,7,4
pl5,2021322,1,7,0,3,0
pl5,2021323,4,5,4,5,6
pl5,2021324,9,3,1,1,0
pl5,2021325,6,1,2,9,7
pl5,2021326,4,6,1,9,1
pl5,2021327,3,2,8,0,5
pl5,2021328,3,3,6,5,1
pl5,2021329,1,3,1,5,4
pl5,2021330,2,0,4,1,9
pl5,2021331,9,4,9,7,9
pl5,2021332,9,3,4,3,9
pl5,2021333,4,0,4,5,2
pl5,2021334,7,9,2,7,1
pl5,2021335,1,1,0,5,6
pl5,2021336,4,5,5,2,5
pl5,2021337,7,2,2,7,1
pl5,2021338,2,4,4,8,7
pl5,2021339,1,8,9,6,2
pl5,2021340,3,2,1,1,6
pl5,2021341,7,0,3,3,5
pl5,2021342,6,7,6,4,5
pl5,2021343,8,8,0,8,5
pl5,2021344,0,4,6,0,1
pl5,2021345,5,0,8,6,5
pl5,2021346,3,4,3,9,9
pl5,2021347,8,3,9,8,7
pl5,2021348,2,4,1,7,1
pl5,2021349,2,9,0,4,1
pl5,2021350,1,3,5,6,2
pl5,2021351,2,6,4,5,6
pl5,2022001,3,7,8,3,2
pl5,2022002,2,8,7,6,7
pl5,2022003,5,5,8,7,6
pl5,2022004,0,9,9,4,2
pl5,2022005,8,7,1,7,6
pl5,2022006,4,3,8,9,5
pl5,2022007,5,2,3,1,4
pl5,2022008,8,4,2,9,8
pl5,2022009,8,5,6,8,3
pl5,2022010,6,4,8,0,4
pl5,2022011,0,7,3,3,4
pl5,2022012,5,0,5,4,1
pl5,2022013,0,8,6,5,1
pl5,2022014,7,8,8,4,6
pl5,2022015,9,9,3,8,2
pl5,2022016,9,4,7,9,1
pl5,2022017,5,1,5,3,1
pl5,2022018,7,2,9,9,2
pl5,2022019,8,5,5,3,8
pl5,2022020,5,1,5,3,0
pl5,2022021,4,9,2,8,2
pl5,2022022,9,7,4,5,8
pl5,2022023,4,8,9,1,2
pl5,2022024,5,0,3,8,0
pl5,2022025,9,7,4,1,9
pl5,2022026,6,1,8,7,0
pl5,2022027,9,2,4,2,2
pl5,2022028,9,6,1,0,9
pl5,2022029,1,3,4,1,7
pl5,2022030,4,6,0,8,9
pl5,2022031,6,0,5,1,3
pl5,2022032,7,0,3,2,5
pl5,2022033,3,5,8,3,2
pl5,2022034,9,2,2,6,5
pl5,2022035,4,0,2,4,5
pl5,2022036,0,8,7,4,3
pl5,2022037,3,4,1,6,3
pl5,2022038,3,9,3,4,2
pl5,2022039,4,7,5,0,9
pl5,2022040,5,9,1,0,8
pl5,2022041,5,3,3,6,2
pl5,2022042,5,0,0,9,8
pl5,2022043,0,9,6,8,4
pl5,2022044,5,3,8,0,4
pl5,2022045,4,2,9,4,9
pl5,2022046,3,8,7,3,7
pl5,2022047,8,1,5,8,2
pl5,2022048,7,1,2,3,0
pl5,2022049,4,8,7,4,0
pl5,2022050,0,7,0,7,4
pl5,2022051,8,4,6,3,9
pl5,2022052,4,6,6,0,2
pl5,2022053,5,6,6,1,8
pl5,2022054,2,6,9,0,3
pl5,2022055,2,7,7,1,9
pl5,2022056,0,9,9,5,9
pl5,2022057,1,4,7,4,6
pl5,2022058,0,4,7,9,2
pl5,2022059,5,9,2,8,0
pl5,2022060,2,1,0,6,2
pl5,2022061,3,5,3,8,0
pl5,2022062,8,9,2,3,0
pl5,2022063,7,7,3,1,3
pl5,2022064,6,1,5,6,1
pl5,2022065,9,9,4,1,1
pl5,2022066,4,0,8,7,0
pl5,2022067,0,1,3,2,4
pl5,2022068,7,1,7,3,1
pl5,2022069,5,8,6,1,9
pl5,2022070,7,0,2,6,9
pl5,2022071,3,7,1,4,2
pl5,2022072,6,8,3,6,4
pl5,2022073,2,0,0,7,3
pl5,2022074,0,8,9,7,5
pl5,2022075,7,6,1,0,2
pl5,2022076,1,7,1,7,4
pl5,2022077,9,1,8,6,7
pl5,2022078,3,5,2,3,7
pl5,2022079,8,5,4,3,2
pl5,2022080,4,5,0,3,2
pl5,2022081,1,6,8,9,1
pl5,2022082,6,7,8,0,3
pl5,2022083,3,2,8,4,2
pl5,2022084,9,4,6,4,7
pl5,2022085,2,7,9,8,2
pl5,2022086,9,3,5,2,5
pl5,2022087,1,3,3,7,2
pl5,2022088,9,0,7,6,0
pl5,2022089,8,4,4,4,0
pl5,2022090,5,7,9,4,9
pl5,2022091,8,0,9,2,0
pl5,2022092,8,1,8,4,0
pl5,2022093,9,5,8,7,3
pl5,2022094,4,8,8,9,4
pl5,2022095,1,4,0,2,9
pl5,2022096,8,2,4,4,0
pl5,2022097,0,9,6,9,3
pl5,2022098,9,1,5,1,7
pl5,2022099,4,6,4,8,2
pl5,2022100,4,4,4,7,5
pl5,2022101,1,2,4,2,0
pl5,2022102,3,4,5,0,1
pl5,2022103,0,4,6,6,6
pl5,2022104,0,8,3,7,0
pl5,2022105,6,4,2,0,2
pl5,2022106,6,2,5,3,2
pl5,2022107,0,6,4,4,6
pl5,2022108,4,1,5,1,8
pl5,2022109,0,9,2,7,6
pl5,2022110,8,9,3,8,6
pl5,2022111,9,5,6,6,3
pl5,2022112,7,6,2,8,5
pl5,2022113,6,5,3,7,9
pl5,2022114,9,9,7,3,9
pl5,2022115,8,3,6,1,0
pl5,2022116,7,0,7,5,9
pl5,2022117,4,5,7,2,0
pl5,2022118,4,7,0,6,4
pl5,2022119,0,4,6,8,4
pl5,2022120,9,3,9,4,4
pl5,2022121,6,2,1,5,9
pl5,2022122,3,5,7,8,0
pl5,2022123,1,5,4,4,0
pl5,2022124,2,2,4,9,8
pl5,2022125,2,6,4,4,7
pl5,2022126,2,5,9,3,8
pl5,2022127,1,1,7,6,8
pl5,2022128,8,4,3,0,6
pl5,2022129,0,0,5,4,8
pl5,2022130,3,9,5,5,7
pl5,2022131,2,6,6,5,4
pl5,2022132,7,8,2,1,6
pl5,2022133,6,5,4,9,8
pl5,2022134,2,2,9,4,9
pl5,2022135,0,4,8,7,4
pl5,2022136,6,5,6,1,1
pl5,2022137,2,4,4,5,0
pl5,2022138,4,2,6,5,7
pl5,2022139,1,3,6,7,9
pl5,2022140,2,7,7,0,7
pl5,2022141,7,5,5,8,1
pl5,2022142,5,6,3,9,1
pl5,2022143,1,5,8,6,7
pl5,2022144,0,1,6,6,1
pl5,2022145,7,2,8,7,6
pl5,2022146,1,9,4,0,4
pl5,2022147,1,9,6,4,9
pl5,2022148,4,0,8,2,6
pl5,2022149,4,6,4,0,6
pl5,2022150,8,8,7,5,2
pl5,2022151,1,1,3,2,4
pl5,2022152,0,4,4,6,4
pl5,2022153,1,5,5,4,7
pl5,2022154,4,0,6,2,2
pl5,2022155,0,5,7,3,5
pl5,2022156,7,8,9,3,1
pl5,2022157,4,1,7,7,4
pl5,2022158,8,9,1,2,1
pl5,2022159,2,4,0,4,9
pl5,2022160,0,4,4,8,3
pl5,2022161,5,0,7,1,6
pl5,2022162,7,0,7,7,7
pl5,2022163,7,7,1,7,2
pl5,2022164,1,8,9,3,8
pl5,2022165,4,5,7,4,6
pl5,2022166,4,5,1,2,1
pl5,2022167,2,9,9,3,7
pl5,2022168,5,5,3,9,9
pl5,2022169,4,6,9,4,7
pl5,2022170,7,8,9,5,8
pl5,2022171,9,2,4,6,1
pl5,2022172,3,4,2,8,3
pl5,2022173,5,4,6,5,3
pl5,2022174,2,8,4,6,0
pl5,2022175,1,5,1,8,9
pl5,2022176,4,1,6,6,1
pl5,2022177,2,4,2,3,5
pl5,2022178,9,2,1,1,8
pl5,2022179,9,4,6,4,6
pl5,2022180,3,1,2,9,1
pl5,2022181,0,7,1,3,6
pl5,2022182,4,0,6,6,2
pl5,2022183,1,8,8,7,6
pl5,2022184,9,6,6,3,7
pl5,2022185,5,4,5,1,7
pl5,2022186,1,5,3,3,0
pl5,2022187,7,1,8,0,5
pl5,2022188,4,8,1,0,3
pl5,2022189,2,3,5,7,8
pl5,2022190,7,4,8,3,6
pl5,2022191,2,1,0,1,1
pl5,2022192,6,8,1,2,0
pl5,2022193,1,6,2,9,3
pl5,2022194,7,8,0,8,2
pl5,2022195,1,2,2,4,2
pl5,2022196,1,2,3,6,5
pl5,2022197,9,3,0,5,4
pl5,2022198,0,3,7,3,2
pl5,2022199,3,3,2,8,6
pl5,2022200,3,0,3,6,0
pl5,2022201,2,1,3,8,2
pl5,2022202,9,0,2,8,4
pl5,2022203,6,2,9,7,5
pl5,2022204,6,6,6,2,0
pl5,2022205,4,6,8,9,9
pl5,2022206,2,2,2,1,0
pl5,2022207,4,6,5,4,5
pl5,2022208,6,3,2,8,2
pl5,2022209,3,5,6,1,2
pl5,2022210,6,3,0,2,5
pl5,2022211,3,2,1,9,6
pl5,2022212,6,4,4,2,4
pl5,2022213,8,2,9,3,2
pl5,2022214,8,2,2,2,7
pl5,2022215,0,6,2,2,0
pl5,2022216,7,6,2,5,8
pl5,2022217,5,1,4,7,2
pl5,2022218,7,4,5,2,9
pl5,2022219,2,9,2,2,5
pl5,2022220,3,8,0,8,6
pl5,2022221,2,4,6,8,4
pl5,2022222,2,9,1,4,5
pl5,2022223,0,5,8,3,7
pl5,2022224,8,9,7,6,0
pl5,2022225,4,3,1,7,8
pl5,2022226,9,8,9,0,6
pl5,2022227,6,1,3,0,3
pl5,2022228,5,4,4,1,8
pl5,2022229,7,6,6,0,9
pl5,2022230,9,0,1,9,6
pl5,2022231,4,6,6,9,3
pl5,2022232,6,4,2,3,2
pl5,2022233,8,6,7,8,0
pl5,2022234,8,8,7,9,3
pl5,2022235,8,2,4,7,9
pl5,2022236,8,8,5,3,1
pl5,2022237,6,9,9,7,4
pl5,2022238,6,2,2,6,6
pl5,2022239,2,8,9,7,4
pl5,2022240,1,9,5,8,9
pl5,2022241,0,7,3,9,1
pl5,2022242,0,8,9,8,3
pl5,2022243,4,7,4,0,6
pl5,2022244,1,2,4,4,4
pl5,2022245,8,4,6,1,4
pl5,2022246,8,3,2,5,1
pl5,2022247,4,4,6,8,7
pl5,2022248,0,4,9,9,9
pl5,2022249,0,0,6,0,6
pl5,2022250,0,1,5,0,1
pl5,2022251,1,2,4,7,2
pl5,2022252,1,6,7,2,4
pl5,2022253,9,1,6,6,7
pl5,2022254,7,3,5,1,7
pl5,2022255,3,3,9,8,5
pl5,2022256,4,0,5,6,3
pl5,2022257,7,9,2,2,0
pl5,2022258,1,9,6,1,4
pl5,2022259,4,4,8,9,1
pl5,2022260,4,6,9,7,1
pl5,2022261,0,2,6,2,7
pl5,2022262,3,2,9,9,8
pl5,2022263,3,3,5,1,1
pl5,2022264,7,8,6,0,7
pl5,2022265,4,6,4,6,8
pl5,2022266,2,1,0,4,7
pl5,2022267,5,3,4,7,9
pl5,2022268,3,8,4,6,1
pl5,2022269,3,7,5,7,7
pl5,2022270,2,2,7,3,4
pl5,2022271,5,6,7,2,8
pl5,2022272,3,2,9,2,9
pl5,2022273,7,4,6,5,4
pl5,2022274,0,6,5,5,7
pl5,2022275,0,5,9,0,7
pl5,2022276,7,6,1,3,2
pl5,2022277,2,4,6,4,0
pl5,2022278,4,9,2,9,3
pl5,2022279,9,7,4,9,6
pl5,2022280,1,3,3,5,4
pl5,2022281,1,0,1,5,8
pl5,2022282,8,9,6,3,2
pl5,2022283,8,2,0,9,4
pl5,2022284,7,5,2,7,6
pl5,2022285,4,3,6,4,1
pl5,2022286,9,8,0,7,5
pl5,2022287,7,4,6,4,9
pl5,2022288,5,6,1,5,4
pl5,2022289,7,6,9,7,7
pl5,2022290,8,3,7,2,3
pl5,2022291,6,3,3,7,9
pl5,2022292,9,7,7,7,6
pl5,2022293,3,8,5,3,9
pl5,2022294,6,6,6,3,7
pl5,2022295,6,0,8,0,8
pl5,2022296,0,0,9,2,6
pl5,2022297,1,1,1,9,5
pl5,2022298,8,7,2,1,9
pl5,2022299,2,9,9,5,0
pl5,2022300,0,9,4,2,9
pl5,2022301,1,8,1,9,7
pl5,2022302,8,7,5,7,9
pl5,2022303,5,3,3,3,7
pl5,2022304,1,7,4,4,4
pl5,2022305,0,4,8,0,9
pl5,2022306,5,5,9,2,6
pl5,2022307,3,7,2,3,1
pl5,2022308,2,1,6,0,6
pl5,2022309,0,4,1,3,8
pl5,2022310,2,5,7,6,7
pl5,2022311,6,8,2,9,9
pl5,2022312,1,3,2,6,8
pl5,2022313,1,6,9,8,5
pl5,2022314,7,1,5,3,4
pl5,2022315,5,6,2,2,5
pl5,2022316,2,8,0,5,7
pl5,2022317,2,6,8,5,0
pl5,2022318,0,2,1,0,3
pl5,2022319,0,6,9,8,2
pl5,2022320,7,4,7,4,0
pl5,2022321,8,6,1,2,3
pl5,2022322,3,3,5,5,2
pl5,2022323,7,1,2,3,8
pl5,2022324,8,4,9,9,8
pl5,2022325,7,6,0,1,9
pl5,2022326,2,8,9,4,7
pl5,2022327,2,8,9,4,8
pl5,2022328,6,2,0,2,9
pl5,2022329,1,6,7,5,5
pl5,2022330,2,2,1,7,8
pl5,2022331,8,0,8,6,8
pl5,2022332,4,2,2,5,4
pl5,2022333,8,5,1,9,3
pl5,2022334,3,8,3,5,0
pl5,2022335,0,1,4,6,5
pl5,2022336,3,8,7,1,2
pl5,2022337,2,1,7,7,1
pl5,2022338,4,1,6,5,6
pl5,2022339,5,2,5,5,8
pl5,2022340,2,8,7,4,8
pl5,2022341,0,8,4,8,1
pl5,2022342,3,8,3,1,4
pl5,2022343,3,8,2,4,9
pl5,2022344,2,0,9,6,5
pl5,2022345,4,6,0,8,0
pl5,2022346,5,3,8,9,0
pl5,2022347,9,2,5,9,4
pl5,2022348,7,3,9,4,6
pl5,2022349,4,9,1,7,6
pl5,2022350,2,8,6,3,9
pl5,2022351,0,9,2,5,5
pl5,2023001,4,5,8,5,3
pl5,2023002,0,7,0,7,7
pl5,2023003,9,0,0,0,9
pl5,2023004,1,3,6,5,1
pl5,2023005,4,2,0,8,2
pl5,2023006,7,5,6,6,4
pl5,2023007,3,1,5,6,8
pl5,2023008,9,7,2,2,7
pl5,2023009,2,2,1,0,4
pl5,2023010,8,8,8,8,6
pl5,2023011,0,8,3,4,9
pl5,2023012,7,8,0,5,8
pl5,2023013,2,8,2,9,4
pl5,2023014,0,2,2,3,7
pl5,2023015,6,0,6,0,7
pl5,2023016,7,1,4,8,1
pl5,2023017,1,7,2,0,4
pl5,2023018,2,3,7,0,4
pl5,2023019,7,9,0,7,9
pl5,2023020,4,8,8,9,9
pl5,2023021,9,1,1,7,9
pl5,2023022,1,1,4,3,1
pl5,2023023,3,4,2,8,5
pl5,2023024,0,6,0,2,0
pl5,2023025,3,5,7,1,3
pl5,2023026,6,6,5,8,8
pl5,2023027,3,4,8,0,6
pl5,2023028,1,2,7,8,5
pl5,2023029,4,9,9,9,7
pl5,2023030,7,5,4,4,2
pl5,2023031,9,7,5,9,8
pl5,2023032,0,9,0,7,5
pl5,2023033,6,7,9,0,6
pl5,2023034,9,0,1,8,3
pl5,2023035,6,4,9,6,9
pl5,2023036,6,5,6,3,0
pl5,2023037,7,7,1,0,0
pl5,2023038,0,9,1,6,3
pl5,2023039,7,6,3,0,8
pl5,2023040,3,3,4,8,7
pl5,2023041,6,0,8,8,2
pl5,2023042,2,3,1,8,4
pl5,2023043,5,6,8,6,2
pl5,2023044,0,8,2,5,7
pl5,2023045,6,5,9,0,4
pl5,2023046,8,8,5,7,3
pl5,2023047,5,7,8,3,9
pl5,2023048,5,8,1,5,4
pl5,2023049,9,2,8,4,2
pl5,2023050,7,1,4,5,8
pl5,2023051,9,4,0,9,9
pl5,2023052,3,8,3,5,6
pl5,2023053,3,6,4,4,4
pl5,2023054,3,4,8,0,4
pl5,2023055,8,8,2,9,2
pl5,2023056,1,0,8,3,7
pl5,2023057,4,6,4,5,4
pl5,2023058,6,9,3,3,0
pl5,2023059,5,1,8,2,5
pl5,2023060,7,9,2,6,9
pl5,2023061,7,1,1,7,1
pl5,2023062,0,0,6,9,6
pl5,2023063,4,3,7,6,4
pl5,2023064,0,6,5,9,9
pl5,2023065,4,6,8,5,3
pl5,2023066,5,5,0,5,4
pl5,2023067,8,5,4,2,6
pl5,2023068,3,6,6,1,5
pl5,2023069,9,3,2,8,6
pl5,2023070,5,6,7,9,4
pl5,2023071,0,1,7,2,3
pl5,2023072,4,4,7,7,1
pl5,2023073,1,3,0,9,0
pl5,2023074,0,7,1,7,4
pl5,2023075,7,3,8,7,4
pl5,2023076,5,0,3,0,0
pl5,2023077,2,0,9,8,1
pl5,2023078,3,1,6,4,1
pl5,2023079,0,1,4,8,6
pl5,2023080,4,8,4,7,4
pl5,2023081,9,7,8,4,6
pl5,2023082,7,3,9,8,0
pl5,2023083,0,2,4,8,9
pl5,2023084,0,5,5,6,4
pl5,2023085,5,5,7,3,4
pl5,2023086,9,1,5,5,0
pl5,2023087,3,2,9,2,3
pl5,2023088,2,9,2,3,2
pl5,2023089,9,4,0,1,0
pl5,2023090,5,8,5,9,7
pl5,2023091,7,9,5,4,4
pl5,2023092,8,8,3,3,0
pl5,2023093,5,3,6,6,1
pl5,2023094,5,3,3,0,5
pl5,2023095,4,8,8,0,3
pl5,2023096,7,6,3,8,1
pl5,2023097,6,8,5,5,8
pl5,2023098,2,2,3,8,1
pl5,2023099,5,5,1,4,1
pl5,2023100,6,3,2,8,8
pl5,2023101,5,3,1,3,3
pl5,2023102,7,0,4,0,0
pl5,2023103,9,7,6,6,1
pl5,2023104,6,4,3,8,1
pl5,2023105,5,7,0,6,3
pl5,2023106,2,8,2,5,5
pl5,2023107,5,1,9,6,1
pl5,2023108,4,7,7,1,6
pl5,2023109,3,0,3,9,0
pl5,2023110,4,3,3,0,3
pl5,2023111,6,5,9,2,4
pl5,2023112,1,2,7,5,3
pl5,2023113,2,2,4,2,0
pl5,2023114,8,1,0,0,5
pl5,2023115,5,2,7,4,6
pl5,2023116,9,2,0,6,7
pl5,2023117,4,9,3,1,2
pl5,2023118,6,4,6,4,4
pl5,2023119,0,5,6,7,2
pl5,2023120,0,9,1,9,5
pl5,2023121,6,6,8,5,5
pl5,2023122,8,2,7,5,9
pl5,2023123,5,5,7,1,3
pl5,2023124,0,7,1,2,9
pl5,2023125,5,5,8,3,5
pl5,2023126,9,8,4,8,4
pl5,2023127,1,1,0,1,4
pl5,2023128,8,1,0,1,9
pl5,2023129,3,3,4,9,6
pl5,2023130,5,2,1,3,4
pl5,2023131,5,8,3,2,8
pl5,2023132,0,1,0,4,3
pl5,2023133,4,3,4,4,6
pl5,2023134,2,2,0,1,5
pl5,2023135,4,6,7,3,0
pl5,2023136,9,2,9,3,4
pl5,2023137,7,9,1,4,9
pl5,2023138,4,4,0,6,9
pl5,2023139,4,2,9,0,5
pl5,2023140,0,9,3,7,6
pl5,2023141,7,4,3,5,5
pl5,2023142,1,6,7,0,2
pl5,2023143,8,4,8,5,2
pl5,2023144,5,6,3,9,3
pl5,2023145,8,8,3,7,8
pl5,2023146,5,8,7,7,0
pl5,2023147,8,6,3,4,1
pl5,2023148,3,3,6,9,9
pl5,2023149,0,2,5,5,8
pl5,2023150,0,3,9,0,7
pl5,2023151,3,8,3,3,0
pl5,2023152,3,1,8,9,7
pl5,2023153,7,5,0,3,8
pl5,2023154,4,3,3,5,0
pl5,2023155,8,5,3,8,9
pl5,2023156,2,5,1,5,1
pl5,2023157,7,8,6,4,2
pl5,2023158,4,4,7,4,8
pl5,2023159,3,1,9,2,7
pl5,2023160,3,9,3,4,1
pl5,2023161,5,3,6,7,1
pl5,2023162,0,9,4,9,6
pl5,2023163,1,2,7,0,4
pl5,2023164,2,1,5,5,2
pl5,2023165,2,5,1,0,6
pl5,2023166,1,2,8,3,7
pl5,2023167,1,9,0,9,7
pl5,2023168,9,3,3,1,3
pl5,2023169,7,2,1,1,1
pl5,2023170,0,8,2,2,1
pl5,2023171,2,2,5,4,2
pl5,2023172,7,8,0,7,8
pl5,2023173,0,1,3,4,4
pl5,2023174,8,2,9,6,7
pl5,2023175,2,8,0,8,1
pl5,2023176,0,7,1,2,6
pl5,2023177,7,0,9,7,4
pl5,2023178,7,1,1,2,1
pl5,2023179,4,9,9,0,0
pl5,2023180,6,8,7,6,0
pl5,2023181,7,7,9,0,3
pl5,2023182,1,2,1,9,4
pl5,2023183,8,0,6,9,0
pl5,2023184,9,6,4,3,0
pl5,2023185,4,6,8,4,8
pl5,2023186,7,0,7,1,8
pl5,2023187,7,6,5,2,5
pl5,2023188,2,8,4,4,8
pl5,2023189,0,7,0,5,5
pl5,2023190,6,0,0,1,5
pl5,2023191,3,6,0,7,1
pl5,2023192,2,1,4,8,4
pl5,2023193,4,1,9,9,7
pl5,2023194,3,0,3,7,8
pl5,2023195,3,6,7,0,0
pl5,2023196,8,0,0,6,6
pl5,2023197,3,0,7,2,9
pl5,2023198,0,7,9,0,1
pl5,2023199,7,2,3,2,0
pl5,2023200,5,1,4,9,8
pl5,2023201,7,3,4,8,9
pl5,2023202,7,5,8,3,8
pl5,2023203,1,4,0,5,1
pl5,2023204,0,1,4,1,4
pl5,2023205,0,9,7,2,8
pl5,2023206,4,4,8,4,4
pl5,2023207,1,2,6,7,7
pl5,2023208,6,6,9,7,1
pl5,2023209,2,1,7,6,3
pl5,2023210,9,3,6,0,6
pl5,2023211,7,9,2,9,8
pl5,2023212,8,5,3,0,1
pl5,2023213,0,7,7,3,8
pl5,2023214,1,0,1,3,6
pl5,2023215,4,8,0,3,2
pl5,2023216,1,3,8,9,7
pl5,2023217,7,4,8,8,3
pl5,2023218,9,4,2,8,8
pl5,2023219,7,3,8,3,2
pl5,2023220,0,3,5,6,4
pl5,2023221,6,4,9,9,5
pl5,2023222,9,7,7,1,8
pl5,2023223,7,4,0,3,9
pl5,2023224,3,7,4,7,8
pl5,2023225,1,1,8,7,8
pl5,2023226,5,3,5,8,1
pl5,2023227,9,0,1,7,8
pl5,2023228,7,7,3,1,7
pl5,2023229,6,7,8,9,0
pl5,2023230,9,4,9,7,4
pl5,2023231,3,6,5,7,5
pl5,2023232,8,6,0,6,9
pl5,2023233,1,2,4,0,6
pl5,2023234,8,0,5,3,7
pl5,2023235,4,2,4,8,5
pl5,2023236,2,7,0,6,6
pl5,2023237,7,9,8,8,6
pl5,2023238,5,6,2,3,1
pl5,2023239,4,4,0,0,8
pl5,2023240,7,0,2,1,2
pl5,2023241,9,3,5,1,4
pl5,2023242,9,8,7,9,8
pl5,2023243,9,6,6,0,6
pl5,2023244,3,1,5,2,4
pl5,2023245,4,8,0,8,1
pl5,2023246,4,2,2,7,5
pl5,2023247,9,3,7,2,6
pl5,2023248,6,9,6,4,5
pl5,2023249,0,3,9,6,9
pl5,2023250,1,8,0,9,6
pl5,2023251,7,3,6,3,6
pl5,2023252,9,6,1,0,9
pl5,2023253,9,8,6,4,1
pl5,2023254,9,9,1,7,1
pl5,2023255,0,5,6,3,7
pl5,2023256,8,4,0,7,1
pl5,2023257,9,0,8,7,7
pl5,2023258,9,1,5,3,1
pl5,2023259,0,8,8,8,6
pl5,2023260,2,4,7,9,4
pl5,2023261,9,3,0,7,0
pl5,2023262,7,1,7,3,7
pl5,2023263,9,9,3,0,2
pl5,2023264,9,2,5,4,7
pl5,2023265,2,2,4,0,2
pl5,2023266,1,3,3,6,7
pl5,2023267,5,5,4,5,5
pl5,2023268,9,7,5,3,1
pl5,2023269,2,3,4,1,5
pl5,2023270,3,5,5,3,6
pl5,2023271,0,9,6,7,5
pl5,2023272,4,1,9,0,0
pl5,2023273,1,2,1,4,9
pl5,2023274,6,6,9,9,3
pl5,2023275,9,8,4,2,7
pl5,2023276,6,0,6,2,4
pl5,2023277,0,2,8,1,3
pl5,2023278,0,7,0,5,3
pl5,2023279,3,9,1,1,6
pl5,2023280,6,0,1,3,3
pl5,2023281,3,4,4,7,8
pl5,2023282,3,0,8,3,5
pl5,2023283,0,2,9,5,2
pl5,2023284,3,8,2,6,9
pl5,2023285,7,1,6,3,1
pl5,2023286,1,1,6,0,4
pl5,2023287,8,9,4,8,1
pl5,2023288,3,1,4,2,6
pl5,2023289,9,9,8,9,3
pl5,2023290,1,5,4,7,2
pl5,2023291,1,5,0,1,0
pl5,2023292,9,6,8,8,8
pl5,2023293,4,3,4,1,1
pl5,2023294,6,6,7,6,7
pl5,2023295,8,8,2,8,5
pl5,2023296,8,0,7,4,5
pl5,2023297,7,6,1,5,7
pl5,2023298,3,6,5,9,1
pl5,2023299,8,0,8,3,9
pl5,2023300,2,9,6,5,7
pl5,2023301,0,4,1,8,6
pl5,2023302,1,6,1,6,0
pl5,2023303,5,7,2,8,9
pl5,2023304,7,2,8,4,5
pl5,2023305,6,7,9,1,8
pl5,2023306,3,3,0,8,7
pl5,2023307,9,3,6,9,2
pl5,2023308,6,1,9,5,0
pl5,2023309,3,2,9,9,7
pl5,2023310,4,1,7,6,8
pl5,2023311,5,8,3,9,9
pl5,2023312,4,4,2,6,3
pl5,2023313,4,1,4,3,5
pl5,2023314,3,5,5,0,8
pl5,2023315,7,4,7,5,4
pl5,2023316,2,3,4,1,7
pl5,2023317,3,9,7,0,8
pl5,2023318,7,9,0,0,5
pl5,2023319,9,6,5,9,8
pl5,2023320,6,9,7,7,1
pl5,2023321,2,1,1,1,3
pl5,2023322,1,7,4,2,8
pl5,2023323,9,4,5,5,0
pl5,2023324,6,0,2,4,6
pl5,2023325,7,1,7,9,3
pl5,2023326,7,9,0,1,8
pl5,2023327,3,1,4,7,2
pl5,2023328,8,8,2,1,2
pl5,2023329,2,8,9,5,9
pl5,2023330,5,3,1,8,5
pl5,2023331,4,0,2,1,5
pl5,2023332,6,6,7,2,6
pl5,2023333,9,8,9,4,0
pl5,2023334,5,8,7,9,3
pl5,2023335,0,4,7,3,9
pl5,2023336,8,2,1,6,2
pl5,2023337,8,4,6,5,4
pl5,2023338,3,8,0,1,9
pl5,2023339,4,8,2,8,6
pl5,2023340,0,8,9,9,6
pl5,2023341,3,4,1,5,8
pl5,2023342,9,7,8,1,5
pl5,2023343,7,3,0,6,1
pl5,2023344,8,0,1,7,3
pl5,2023345,6,7,8,7,8
pl5,2023346,2,5,8,0,3
pl5,2023347,7,4,2,1,6
pl5,2023348,5,9,7,1,6
pl5,2023349,9,2,3,2,1
pl5,2023350,1,9,7,9,4
pl5,2023351,5,7,1,8,0
pl5,2024001,4,0,3,3,9
pl5,2024002,5,4,4,4,4
pl5,2024003,6,6,6,3,3
pl5,2024004,6,6,5,9,6
pl5,2024005,2,5,9,4,6
pl5,2024006,2,8,4,7,7
pl5,2024007,8,8,8,9,8
pl5,2024008,4,0,5,0,5
pl5,2024009,8,1,5,0,3
pl5,2024010,2,8,1,3,2
pl5,2024011,0,8,0,8,8
pl5,2024012,0,8,1,5,2
pl5,2024013,9,8,5,7,5
pl5,2024014,1,8,7,7,6
pl5,2024015,4,7,5,6,5
pl5,2024016,7,0,2,5,3
pl5,2024017,5,5,5,5,5
pl5,2024018,8,5,9,4,2
pl5,2024019,3,1,3,8,4
pl5,2024020,4,0,6,5,7
pl5,2024021,3,7,0,7,2
pl5,2024022,1,2,4,0,6
pl5,2024023,7,9,3,4,8
pl5,2024024,1,9,9,7,9
pl5,2024025,3,1,4,9,7
pl5,2024026,7,5,1,0,2
pl5,2024027,5,0,2,4,2
pl5,2024028,2,5,9,3,9
pl5,2024029,5,7,5,4,8
pl5,2024030,9,5,1,4,7
pl5,2024031,6,8,2,4,0
pl5,2024032,8,0,5,2,6
pl5,2024033,7,3,9,3,6
pl5,2024034,0,1,7,3,3
pl5,2024035,3,0,6,5,3
pl5,2024036,5,4,7,9,1
pl5,2024037,9,1,0,7,6
pl5,2024038,5,2,9,4,6
pl5,2024039,5,0,8,6,8
pl5,2024040,5,1,4,7,7
pl5,2024041,9,0,5,5,8
pl5,2024042,3,4,2,7,6
pl5,2024043,2,9,6,0,8
pl5,2024044,8,8,5,2,8
pl5,2024045,7,5,7,8,3
pl5,2024046,7,0,2,6,3
pl5,2024047,7,6,0,8,8
pl5,2024048,3,9,6,3,5
pl5,2024049,6,3,1,0,1
pl5,2024050,4,9,5,9,5
pl5,2024051,6,7,4,7,5
pl5,2024052,9,9,5,0,5
pl5,2024053,9,5,8,2,8
pl5,2024054,2,2,1,8,7
pl5,2024055,1,7,3,3,3
pl5,2024056,7,8,8,3,0
pl5,2024057,7,6,5,8,5
pl5,2024058,0,6,5,4,8
pl5,2024059,6,2,9,7,9
pl5,2024060,3,5,7,2,6
pl5,2024061,2,5,0,7,0
pl5,2024062,7,8,4,5,5
pl5,2024063,6,5,1,9,0
pl5,2024064,1,3,2,2,8
pl5,2024065,9,0,3,7,6
pl5,2024066,8,0,3,8,3
pl5,2024067,5,4,9,6,9
pl5,2024068,2,3,9,8,1
pl5,2024069,4,1,1,0,9
pl5,2024070,8,9,1,0,3
pl5,2024071,2,5,8,2,0
pl5,2024072,3,4,1,5,3
pl5,2024073,5,9,0,4,3
pl5,2024074,6,2,9,5,2
pl5,2024075,2,8,5,0,8
pl5,2024076,9,6,8,7,5
pl5,2024077,6,2,6,8,5
pl5,2024078,1,2,6,8,0
pl5,2024079,8,8,9,0,8
pl5,2024080,0,1,2,6,4
pl5,2024081,9,2,8,5,1
pl5,2024082,5,7,1,5,4
pl5,2024083,2,3,2,1,9
pl5,2024084,5,4,9,4,7
pl5,2024085,4,9,3,6,1
pl5,2024086,2,7,8,3,5
pl5,2024087,1,6,1,0,7
pl5,2024088,8,1,9,5,2
pl5,2024089,1,1,7,0,4
pl5,2024090,2,0,6,2,6
pl5,2024091,1,9,6,5,1
pl5,2024092,1,5,0,4,4
pl5,2024093,9,3,5,3,8
pl5,2024094,2,7,1,7,6
pl5,2024095,1,7,5,4,3
pl5,2024096,4,6,3,5,2
pl5,2024097,8,6,3,7,2
pl5,2024098,2,4,7,0,5
pl5,2024099,1,0,2,5,4
pl5,2024100,1,5,7,7,1
pl5,2024101,0,3,0,7,4
pl5,2024102,2,1,5,3,6
pl5,2024103,5,5,1,2,0
pl5,2024104,4,7,4,2,8
pl5,2024105,2,1,0,1,5
pl5,2024106,5,3,3,2,3
pl5,2024107,4,9,9,3,6
pl5,2024108,2,5,2,8,3
pl5,2024109,2,4,3,6,6
pl5,2024110,6,2,9,0,4
pl5,2024111,3,3,6,7,1
pl5,2024112,2,1,8,0,3
pl5,2024113,3,4,5,0,0
pl5,2024114,5,4,8,5,6
pl5,2024115,6,2,0,2,3
pl5,2024116,3,4,8,4,5
pl5,2024117,1,8,5,8,6
pl5,2024118,7,3,3,7,2
pl5,2024119,2,5,5,3,3
pl5,2024120,5,2,9,1,1
pl5,2024121,5,1,8,4,4
pl5,2024122,2,4,6,3,8
pl5,2024123,5,3,8,5,8
pl5,2024124,8,3,5,0,3
pl5,2024125,7,0,6,8,0
pl5,2024126,3,7,9,5,2
pl5,2024127,7,4,4,0,5
pl5,2024128,0,1,7,8,0
pl5,2024129,2,7,8,7,3
pl5,2024130,1,2,2,0,2
pl5,2024131,5,7,1,4,1
pl5,2024132,6,0,4,4,8
pl5,2024133,2,8,1,2,1
pl5,2024134,6,6,0,7,9
pl5,2024135,8,9,1,6,0
pl5,2024136,0,6,2,8,1
pl5,2024137,1,2,8,7,9
pl5,2024138,9,9,7,5,5
pl5,2024139,5,3,6,9,3
pl5,2024140,5,2,0,8,6
pl5,2024141,8,0,4,3,6
pl5,2024142,4,2,6,3,2
pl5,2024143,1,8,5,0,6
pl5,2024144,1,4,7,8,6
pl5,2024145,2,0,5,7,1
pl5,2024146,9,9,1,9,7
pl5,2024147,5,5,8,7,1
pl5,2024148,3,4,3,0,5
pl5,2024149,6,7,6,1,5
pl5,2024150,1,2,9,0,4
pl5,2024151,9,0,0,3,1
pl5,2024152,9,3,6,4,8
pl5,2024153,3,8,9,5,5
pl5,2024154,9,8,3,5,3
pl5,2024155,8,8,9,7,8
pl5,2024156,1,7,2,4,4
pl5,2024157,2,1,1,3,8
pl5,2024158,6,0,6,4,7
pl5,2024159,4,3,0,6,7
pl5,2024160,4,2,5,5,3
pl5,2024161,6,4,9,4,9
pl5,2024162,3,2,0,4,4
pl5,2024163,5,1,4,6,5
pl5,2024164,0,0,6,7,2
pl5,2024165,9,3,2,9,4
pl5,2024166,4,7,9,5,8
pl5,2024167,5,0,7,6,8
pl5,2024168,5,4,1,4,7
pl5,2024169,7,5,9,3,1
pl5,2024170,0,3,1,7,3
pl5,2024171,0,7,0,7,8
pl5,2024172,4,0,0,5,5
pl5,2024173,6,5,8,8,7
pl5,2024174,1,9,1,8,5
pl5,2024175,1,9,5,0,6
pl5,2024176,9,3,2,5,0
pl5,2024177,5,7,9,8,2
pl5,2024178,6,6,3,4,7
pl5,2024179,5,3,5,4,4
pl5,2024180,2,1,5,4,9
pl5,2024181,3,2,3,9,5
pl5,2024182,2,8,2,4,7
pl5,2024183,5,0,0,9,5
pl5,2024184,7,3,0,4,9
pl5,2024185,8,8,4,9,6
pl5,2024186,3,6,7,3,4
pl5,2024187,8,8,3,5,8
pl5,2024188,0,2,4,4,3
pl5,2024189,7,9,3,2,2
pl5,2024190,6,4,4,9,2
pl5,2024191,4,3,9,2,4
pl5,2024192,3,4,0,7,1
pl5,2024193,0,0,6,2,9
pl5,2024194,0,7,8,9,1
pl5,2024195,5,1,7,0,4
pl5,2024196,5,3,9,0,5
pl5,2024197,1,0,5,6,1
pl5,2024198,5,5,0,0,3
pl5,2024199,5,5,8,1,5
pl5,2024200,3,8,0,7,1
pl5,2024201,5,1,5,2,2
pl5,2024202,1,8,7,0,8
pl5,2024203,5,9,2,6,9
pl5,2024204,0,4,7,9,4
pl5,2024205,2,4,1,6,9
pl5,2024206,4,4,6,6,4
pl5,2024207,9,8,2,0,5
pl5,2024208,9,7,3,7,1
pl5,2024209,5,3,5,5,6
pl5,2024210,2,8,5,9,1
pl5,2024211,6,4,9,7,5
pl5,2024212,7,2,7,0,3
pl5,2024213,7,3,4,6,2
pl5,2024214,1,4,5,3,3
pl5,2024215,8,7,7,5,4
pl5,2024216,8,4,8,3,9
pl5,2024217,1,1,1,0,9
pl5,2024218,2,9,1,7,8
pl5,2024219,9,7,1,7,0
pl5,2024220,7,2,4,1,5
pl5,2024221,5,0,0,5,0
pl5,2024222,9,9,3,3,8
pl5,2024223,5,4,9,1,2
pl5,2024224,8,3,5,2,9
pl5,2024225,7,5,8,6,3
pl5,2024226,2,3,2,3,4
pl5,2024227,9,9,5,1,2
pl5,2024228,2,7,4,1,2
pl5,2024229,9,2,6,1,6
pl5,2024230,0,8,8,3,7
pl5,2024231,6,9,6,4,9
pl5,2024232,2,9,7,6,1
pl5,2024233,4,9,8,4,6
pl5,2024234,2,7,5,9,3
pl5,2024235,9,5,4,1,1
pl5,2024236,3,7,6,9,7
pl5,2024237,3,5,6,8,5
pl5,2024238,4,3,0,6,7
pl5,2024239,1,6,8,4,8
pl5,2024240,8,1,5,2,6
pl5,2024241,0,6,3,9,2
pl5,2024242,1,8,8,9,4
pl5,2024243,9,1,6,3,0
pl5,2024244,3,6,8,9,4
pl5,2024245,1,8,4,9,4
pl5,2024246,8,1,6,4,6
pl5,2024247,4,3,4,8,9
pl5,2024248,9,5,4,3,4
pl5,2024249,1,9,8,3,2
pl5,2024250,6,0,6,9,2
pl5,2024251,3,5,6,2,7
pl5,2024252,7,0,0,5,2
pl5,2024253,1,4,8,3,0
pl5,2024254,4,2,3,1,4
pl5,2024255,1,5,5,8,7
pl5,2024256,5,4,9,1,3
pl5,2024257,0,0,8,6,3
pl5,2024258,6,9,0,5,7
pl5,2024259,4,4,4,6,9
pl5,2024260,5,2,3,2,5
pl5,2024261,1,9,5,9,9
pl5,2024262,2,1,6,4,6
pl5,2024263,4,0,4,8,4
pl5,2024264,3,4,7,3,5
pl5,2024265,7,0,1,0,4
pl5,2024266,1,4,3,4,6
pl5,2024267,8,4,1,7,4
pl5,2024268,8,3,1,3,8
pl5,2024269,3,2,4,3,2
pl5,2024270,8,0,1,6,7
pl5,2024271,3,9,5,7,3
pl5,2024272,4,3,6,9,2
pl5,2024273,8,1,2,3,9
pl5,2024274,2,7,4,8,3
pl5,2024275,6,8,1,3,2
pl5,2024276,0,8,8,7,8
pl5,2024277,6,2,3,6,4
pl5,2024278,1,3,4,4,3
pl5,2024279,8,8,6,7,2
pl5,2024280,8,5,9,7,1
pl5,2024281,4,6,5,0,6
pl5,2024282,9,0,5,5,6
pl5,2024283,2,8,5,5,5
pl5,2024284,0,3,4,6,5
pl5,2024285,3,4,7,4,6
pl5,2024286,1,5,6,7,8
pl5,2024287,9,4,5,6,1
pl5,2024288,8,1,0,9,8
pl5,2024289,0,0,6,4,3
pl5,2024290,0,0,4,4,9
pl5,2024291,3,4,0,4,3
pl5,2024292,0,3,0,0,0
pl5,2024293,0,4,4,8,1
pl5,2024294,7,0,1,9,2
pl5,2024295,5,5,2,5,2
pl5,2024296,8,9,8,0,7
pl5,2024297,0,3,7,1,2
pl5,2024298,6,8,0,8,8
pl5,2024299,5,8,1,0,2
pl5,2024300,9,3,3,3,6
pl5,2024301,8,7,7,3,3
pl5,2024302,3,9,8,0,3
pl5,2024303,2,0,1,9,2
pl5,2024304,4,2,5,3,8
pl5,2024305,8,4,1,8,4
pl5,2024306,5,0,8,8,1
pl5,2024307,5,8,2,1,6
pl5,2024308,8,4,3,9,9
pl5,2024309,4,8,3,0,0
pl5,2024310,7,1,8,9,6
pl5,2024311,5,3,3,1,4
pl5,2024312,4,1,3,2,3
pl5,2024313,4,7,1,1,6
pl5,2024314,0,8,0,2,2
pl5,2024315,0,7,1,1,9
pl5,2024316,3,3,2,7,5
pl5,2024317,3,5,5,7,5
pl5,2024318,2,4,3,9,8
pl5,2024319,7,9,3,3,5
pl5,2024320,8,6,3,4,6
pl5,2024321,0,5,0,0,7
pl5,2024322,6,7,8,5,8
pl5,2024323,9,1,4,7,3
pl5,2024324,6,3,0,1,3
pl5,2024325,0,2,3,0,7
pl5,2024326,2,5,7,0,1
pl5,2024327,1,3,4,2,2
pl5,2024328,1,2,5,0,4
pl5,2024329,1,4,7,8,0
pl5,2024330,8,1,1,3,6
pl5,2024331,7,1,2,2,7
pl5,2024332,6,7,9,5,7
pl5,2024333,8,4,8,5,9
pl5,2024334,7,4,6,8,1
pl5,2024335,4,9,9,0,6
pl5,2024336,2,4,9,6,7
pl5,2024337,1,7,2,5,4
pl5,2024338,1,5,5,5,1
pl5,2024339,9,1,8,6,3
pl5,2024340,0,3,1,7,2
pl5,2024341,6,5,3,4,3
pl5,2024342,0,8,4,8,3
pl5,2024343,4,8,1,1,5
pl5,2024344,5,4,6,1,3
pl5,2024345,6,2,0,3,0
pl5,2024346,6,7,7,2,2
pl5,2024347,8,9,3,4,3
pl5,2024348,1,9,2,0,9
pl5,2024349,9,0,7,3,2
pl5,2024350,2,2,0,4,2
pl5,2024351,7,8,8,8,8
pl5,2024352,6,9,1,8,9
pl5,2025001,1,2,3,3,6
pl5,2025002,9,0,0,6,9
pl5,2025003,1,6,8,4,4
pl5,2025004,3,5,1,8,8
pl5,2025005,6,1,7,7,8
pl5,2025006,6,5,6,9,3
pl5,2025007,3,6,2,1,3
pl5,2025008,1,2,8,0,9
pl5,2025009,8,0,6,0,2
pl5,2025010,1,4,3,2,3
pl5,2025011,0,2,7,4,9
pl5,2025012,4,7,1,6,8
pl5,2025013,9,7,8,0,6
pl5,2025014,5,0,8,7,8
pl5,2025015,3,9,8,7,8
pl5,2025016,9,6,3,5,2
pl5,2025017,9,5,6,9,2
pl5,2025018,2,9,2,5,5
pl5,2025019,7,3,4,2,6
pl5,2025020,1,5,9,7,6
pl5,2025021,3,4,6,5,2
pl5,2025022,4,8,4,0,2
pl5,2025023,7,8,8,0,4
pl5,2025024,2,2,8,5,0
pl5,2025025,6,7,7,5,0
pl5,2025026,3,4,6,3,5
pl5,2025027,0,4,8,7,3
pl5,2025028,8,2,2,3,2
pl5,2025029,4,8,9,4,7
pl5,2025030,2,9,7,1,8
pl5,2025031,5,1,3,4,1
pl5,2025032,3,9,2,7,0
pl5,2025033,9,3,4,5,2
pl5,2025034,3,0,9,1,2
pl5,2025035,8,4,9,7,8
pl5,2025036,5,2,1,0,2
pl5,2025037,5,7,8,8,7
pl5,2025038,3,6,6,1,4
pl5,2025039,5,8,8,6,6
pl5,2025040,8,7,5,2,1
pl5,2025041,9,1,6,2,1
pl5,2025042,6,7,5,5,3
pl5,2025043,5,5,2,2,5
pl5,2025044,8,0,5,7,3
pl5,2025045,7,2,2,9,2
pl5,2025046,3,7,2,5,7
pl5,2025047,8,0,6,2,1
pl5,2025048,5,7,0,4,3
pl5,2025049,0,3,7,3,0
pl5,2025050,5,7,0,5,7
pl5,2025051,9,7,3,6,1
pl5,2025052,3,3,7,2,6
pl5,2025053,8,9,9,3,0
pl5,2025054,3,8,4,4,0
pl5,2025055,9,1,6,4,5
pl5,2025056,7,1,6,1,2
pl5,2025057,7,6,5,4,4
pl5,2025058,6,7,2,9,1
pl5,2025059,7,7,1,2,8
pl5,2025060,7,9,3,3,3
pl5,2025061,4,9,0,4,5
pl5,2025062,2,5,7,1,2
pl5,2025063,4,6,6,7,6
pl5,2025064,6,5,6,4,0
pl5,2025065,9,9,0,3,1
pl5,2025066,1,8,4,6,2
pl5,2025067,6,7,1,6,1
pl5,2025068,9,7,5,6,2
pl5,2025069,9,3,4,1,1
pl5,2025070,7,7,1,1,5
pl5,2025071,4,6,2,8,8
pl5,2025072,9,3,5,9,4
pl5,2025073,1,3,2,9,9
pl5,2025074,1,7,9,6,2
pl5,2025075,7,4,3,7,3
pl5,2025076,4,0,7,5,0
pl5,2025077,4,2,5,7,9
pl5,2025078,1,1,3,4,6
pl5,2025079,2,9,6,7,6
pl5,2025080,7,3,8,6,4
pl5,2025081,7,6,6,8,3
pl5,2025082,3,4,4,5,2
pl5,2025083,5,9,3,9,7
pl5,2025084,3,0,4,7,5
pl5,2025085,3,5,3,2,7
pl5,2025086,6,3,4,4,4
pl5,2025087,8,4,5,7,9
pl5,2025088,2,2,2,3,1
pl5,2025089,2,0,8,8,3
pl5,2025090,9,9,3,4,8
pl5,2025091,8,3,0,0,6
pl5,2025092,7,2,1,9,4
pl5,2025093,4,3,2,2,5
pl5,2025094,5,3,4,0,6
pl5,2025095,6,7,2,7,8
pl5,2025096,9,4,8,7,1
pl5,2025097,1,7,1,6,9
pl5,2025098,1,9,2,7,5
pl5,2025099,1,7,4,5,1
pl5,2025100,9,9,7,0,2
pl5,2025101,9,1,1,5,7
pl5,2025102,2,3,3,4,3
pl5,2025103,4,7,1,4,0
pl5,2025104,1,4,4,9,1
pl5,2025105,0,8,4,9,2
pl5,2025106,0,7,6,7,6
pl5,2025107,7,2,6,2,7
pl5,2025108,8,7,7,4,2
pl5,2025109,6,1,9,7,9
pl5,2025110,1,1,6,5,2
pl5,2025111,5,8,8,8,6
pl5,2025112,4,8,3,8,6
pl5,2025113,0,2,9,7,5
pl5,2025114,1,9,2,4,0
pl5,2025115,8,4,7,4,0
pl5,2025116,3,6,0,4,6
pl5,2025117,1,7,0,1,8
pl5,2025118,2,5,5,8,8
pl5,2025119,7,0,3,0,0
pl5,2025120,4,0,1,5,4
pl5,2025121,4,2,4,9,9
pl5,2025122,0,3,0,4,4
pl5,2025123,8,4,2,3,1
pl5,2025124,5,2,7,9,0
pl5,2025125,6,2,7,7,4
pl5,2025126,1,8,4,8,0
pl5,2025127,4,9,2,9,0
pl5,2025128,8,7,0,4,7
pl5,2025129,1,8,9,4,8
pl5,2025130,0,6,8,5,9
pl5,2025131,3,6,7,2,6
pl5,2025132,2,7,5,5,3
pl5,2025133,8,6,6,0,3
pl5,2025134,5,1,0,1,9
pl5,2025135,8,1,6,9,5
pl5,2025136,3,2,4,4,2
pl5,2025137,7,2,1,1,4
pl5,2025138,8,9,5,6,3
pl5,2025139,1,5,5,7,5
pl5,2025140,2,6,7,6,0
pl5,2025141,4,7,5,0,8
pl5,2025142,3,4,3,0,4
pl5,2025143,9,4,4,4,2
pl5,2025144,3,8,9,9,3
pl5,2025145,4,7,1,5,9
pl5,2025146,8,2,2,4,7
pl5,2025147,0,2,3,0,5
pl5,2025148,5,5,7,0,4
pl5,2025149,7,7,2,9,1
pl5,2025150,2,1,2,3,7
pl5,2025151,6,8,6,4,7
pl5,2025152,7,4,7,0,6
pl5,2025153,8,9,4,5,8
pl5,2025154,9,8,9,6,6
pl5,2025155,0,4,0,1,9
pl5,2025156,6,3,8,0,9
pl5,2025157,2,5,0,9,2
pl5,2025158,8,8,2,7,2
pl5,2025159,2,7,4,1,9
pl5,2025160,1,7,1,5,2
pl5,2025161,2,4,8,8,4
pl5,2025162,3,1,7,4,2
pl5,2025163,7,6,6,2,3
pl5,2025164,5,1,9,1,3
pl5,2025165,1,0,3,2,3
pl5,2025166,6,9,6,6,4
pl5,2025167,2,6,7,4,6
pl5,2025168,2,0,3,2,7
pl5,2025169,6,9,9,3,8
pl5,2025170,5,0,2,4,4
pl5,2025171,1,0,5,2,8
pl5,2025172,7,2,4,5,1
pl5,2025173,6,7,3,6,3
pl5,2025174,1,3,1,3,5
pl5,2025175,4,1,3,3,9
pl5,2025176,9,4,9,4,6
pl5,2025177,9,7,7,9,9
pl5,2025178,7,1,4,3,6
pl5,2025179,9,7,2,1,6
pl5,2025180,8,8,9,5,7
pl5,2025181,8,9,4,5,8
pl5,2025182,7,2,1,4,6
pl5,2025183,1,7,7,5,9
pl5,2025184,2,2,1,8,7
pl5,2025185,3,0,8,7,3
pl5,2025186,5,1,4,2,3
pl5,2025187,6,4,1,6,0
pl5,2025188,6,2,3,7,3
pl5,2025189,5,5,6,5,1
pl5,2025190,4,9,9,7,2
pl5,2025191,6,6,9,4,0
pl5,2025192,6,8,3,5,7
pl5,2025193,2,6,5,4,9
pl5,2025194,2,7,0,3,7
pl5,2025195,2,1,0,9,0
pl5,2025196,9,4,1,4,0
pl5,2025197,8,6,9,2,0
pl5,2025198,7,1,7,8,3
pl5,2025199,4,8,5,9,3
pl5,2025200,2,1,1,2,9
pl5,2025201,4,0,1,3,0
pl5,2025202,2,5,3,7,3
pl5,2025203,7,3,5,1,6
pl5,2025204,8,3,0,7,4
pl5,2025205,7,8,3,2,9
pl5,2025206,6,0,5,3,2
pl5,2025207,1,5,4,5,9
pl5,2025208,3,0,9,4,4
pl5,2025209,9,2,1,4,8
pl5,2025210,6,2,2,2,5
pl5,2025211,0,5,0,9,9
pl5,2025212,2,2,3,5,0
pl5,2025213,8,6,8,5,7
pl5,2025214,1,7,6,6,7
pl5,2025215,6,9,5,9,6
pl5,2025216,4,1,0,6,5
pl5,2025217,2,4,2,0,7
pl5,2025218,3,0,7,8,7
pl5,2025219,7,8,4,9,3
pl5,2025220,3,5,3,2,6
pl5,2025221,7,9,1,7,8
pl5,2025222,6,6,0,8,8
pl5,2025223,7,9,5,0,4
pl5,2025224,0,2,1,9,2
pl5,2025225,0,0,9,0,7
pl5,2025226,3,7,3,2,7
pl5,2025227,4,5,3,9,1
pl5,2025228,1,6,4,6,5
pl5,2025229,1,2,3,0,2
pl5,2025230,1,7,8,0,5
pl5,2025231,2,5,8,5,4
pl5,2025232,3,9,7,6,2
pl5,2025233,1,4,3,9,0
pl5,2025234,2,8,2,5,7
pl5,2025235,3,2,1,4,8
pl5,2025236,1,5,1,1,1
pl5,2025237,7,1,3,3,9
pl5,2025238,7,5,4,5,5
pl5,2025239,2,2,0,1,7
pl5,2025240,6,2,7,6,2
pl5,2025241,2,8,6,3,8
pl5,2025242,5,2,3,9,3
pl5,2025243,8,1,2,8,1
pl5,2025244,7,5,8,6,2
pl5,2025245,9,9,4,9,2
pl5,2025246,2,0,7,6,7
pl5,2025247,3,6,4,2,3
pl5,2025248,9,8,3,8,5
pl5,2025249,5,3,2,0,8
pl5,2025250,1,7,8,0,6
pl5,2025251,5,5,8,5,4
pl5,2025252,1,9,0,5,3
pl5,2025253,6,9,3,0,7
pl5,2025254,6,2,8,8,4
pl5,2025255,5,8,3,2,1
pl5,2025256,7,9,7,7,5
pl5,2025257,5,6,1,5,0
pl5,2025258,0,3,8,6,3
pl5,2025259,4,2,0,9,9
pl5,2025260,5,1,4,5,5
pl5,2025261,8,7,7,5,3
pl5,2025262,5,1,2,6,3
pl5,2025263,1,4,8,0,0
pl5,2025264,2,0,2,0,1
pl5,2025265,2,8,1,4,7
pl5,2025266,7,4,2,5,0
pl5,2025267,8,5,6,1,5
pl5,2025268,3,2,1,3,9
pl5,2025269,8,7,5,0,2
pl5,2025270,0,1,8,2,6
pl5,2025271,8,9,8,5,8
pl5,2025272,7,6,7,4,7
pl5,2025273,4,1,7,3,3
pl5,2025274,7,8,7,7,1
pl5,2025275,1,5,0,7,0
pl5,2025276,9,8,2,6,2
pl5,2025277,4,3,2,2,1
pl5,2025278,6,2,7,8,2
pl5,2025279,3,7,5,7,5
pl5,2025280,5,3,9,3,2
pl5,2025281,7,0,7,9,4
pl5,2025282,0,9,6,9,1
pl5,2025283,0,5,7,8,3
pl5,2025284,2,4,7,3,3
pl5,2025285,9,0,5,3,2
pl5,2025286,6,4,1,0,5
pl5,2025287,1,8,0,3,2
pl5,2025288,5,0,4,2,6
pl5,2025289,6,8,5,6,6
pl5,2025290,1,2,5,1,0
pl5,2025291,9,4,8,5,6
pl5,2025292,6,7,3,5,8
pl5,2025293,0,9,4,4,1
pl5,2025294,9,9,4,4,9
pl5,2025295,1,2,4,5,1
pl5,2025296,0,5,2,3,5
pl5,2025297,4,5,3,8,6
pl5,2025298,1,4,1,2,7
pl5,2025299,3,0,0,9,7
pl5,2025300,8,4,3,0,0
pl5,2025301,5,8,2,0,9
pl5,2025302,0,1,6,3,1
pl5,2025303,9,4,3,8,2
pl5,2025304,0,7,9,1,3
pl5,2025305,4,9,7,4,9
pl5,2025306,1,7,8,6,7
pl5,2025307,6,1,8,1,1
pl5,2025308,2,3,4,6,5
pl5,2025309,5,2,7,2,9
pl5,2025310,0,1,6,5,9
pl5,2025311,1,1,4,5,0
pl5,2025312,1,0,9,5,0
pl5,2025313,4,4,5,5,1
pl5,2025314,8,0,2,4,5
pl5,2025315,9,7,3,6,7
pl5,2025316,9,1,8,1,5
pl5,2025317,7,5,6,6,9
pl5,2025318,4,3,8,4,9
pl5,2025319,8,6,5,5,0
pl5,2025320,7,2,5,6,2
pl5,2025321,5,6,8,0,8
pl5,2025322,1,4,8,3,8
pl5,2025323,6,8,7,1,4
pl5,2025324,5,1,3,9,6
pl5,2025325,8,3,6,0,3
pl5,2025326,0,4,5,1,9
pl5,2025327,8,2,9,2,4
pl5,2025328,8,2,5,1,6
pl5,2025329,3,7,0,9,0
pl5,2025330,5,9,4,5,4
pl5,2025331,9,8,0,9,1
pl5,2025332,9,3,9,4,1
pl5,2025333,9,6,1,0,3
pl5,2025334,5,8,3,3,7
pl5,2025335,2,7,6,4,5
pl5,2025336,4,1,2,6,0
pl5,2025337,5,5,4,3,8
pl5,2025338,1,6,4,6,3
pl5,2025339,9,0,0,4,9
pl5,2025340,2,5,5,6,0
pl5,2025341,8,1,7,5,4
pl5,2025342,0,7,9,2,3
pl5,2025343,0,1,2,5,9
pl5,2025344,4,9,5,7,0
pl5,2025345,4,3,1,9,7
pl5,2025346,8,2,6,0,8
pl5,2025347,6,9,5,6,7
pl5,2025348,3,7,3,1,4
pl5,2025349,0,3,2,2,6
pl5,2025350,6,7,3,4,4
pl5,2025351,6,1,7,2,9
pl5,2026001,8,3,0,1,3
pl5,2026002,6,8,9,2,3
pl5,2026003,0,8,6,8,9
pl5,2026004,8,7,8,8,2
pl5,2026005,0,6,1,6,9
pl5,2026006,7,1,8,8,8
pl5,2026007,1,2,6,6,0
pl5,2026008,5,0,9,6,3
pl5,2026009,2,4,8,2,1
pl5,2026010,9,2,0,3,4
pl5,2026011,0,3,0,6,7
pl5,2026012,5,2,2,0,1
pl5,2026013,4,7,7,8,7
pl5,2026014,8,3,3,8,2
pl5,2026015,2,0,2,4,4
pl5,2026016,2,1,5,9,1
pl5,2026017,1,1,2,8,8
pl5,2026018,8,9,6,3,2
pl5,2026019,8,4,8,9,7
pl5,2026020,0,9,5,8,4
pl5,2026021,2,6,3,0,2
pl5,2026022,2,5,5,0,2
pl5,2026023,4,9,5,2,7
pl5,2026024,2,6,8,3,2
pl5,2026025,1,8,1,1,1
pl5,2026026,2,9,1,4,4
pl5,2026027,0,8,4,0,7
pl5,2026028,4,9,9,9,5
pl5,2026029,6,1,3,7,8
pl5,2026030,8,1,1,5,2
pl5,2026031,7,8,6,9,6
pl5,2026032,7,3,0,7,8
pl5,2026033,1,4,1,3,2
pl5,2026034,2,1,6,9,9
pl5,2026035,7,1,7,0,4
pl5,2026036,7,8,8,2,4
pl5,2026037,7,2,4,5,2
pl5,2026038,7,8,9,8,7
pl5,2026039,8,5,2,8,8
pl5,2026040,0,0,9,7,9
pl5,2026041,6,3,9,6,5
pl5,2026042,7,9,5,2,4
pl5,2026043,1,7,9,2,7
pl5,2026044,0,5,1,6,2
pl5,2026045,1,4,4,7,1
pl5,2026046,7,0,3,2,3
pl5,2026047,3,3,0,4,5
pl5,2026048,0,9,7,6,7
pl5,2026049,5,9,2,5,9
pl5,2026050,4,3,5,4,7
pl5,2026051,0,4,5,3,7
pl5,2026052,6,4,9,1,5
pl5,2026053,7,4,4,9,2
pl5,2026054,6,5,5,6,4
pl5,2026055,5,3,7,5,2
pl5,2026056,1,1,9,2,1
pl5,2026057,4,7,9,3,1
pl5,2026058,5,9,0,6,4
pl5,2026059,2,0,9,9,6
pl5,2026060,1,1,8,0,0
pl5,2026061,3,4,7,4,9
pl5,2026062,3,1,5,4,2
pl5,2026063,7,2,3,8,4
pl5,2026064,5,2,8,9,4
pl5,2026065,8,5,1,8,5
pl5,2026066,8,0,7,8,7
pl5,2026067,4,2,8,1,2
pl5,2026068,8,4,0,0,9
pl5,2026069,1,1,4,6,9
pl5,2026070,1,3,1,8,9
pl5,2026071,5,5,1,5,3
pl5,2026072,1,1,5,1,4
pl5,2026073,3,2,5,0,0
pl5,2026074,4,0,6,3,3
pl5,2026075,4,3,7,4,3
pl5,2026076,4,1,9,6,4
pl5,2026077,7,8,0,7,4
pl5,2026078,6,3,4,8,6
pl5,2026079,1,9,5,9,9
pl5,2026080,7,7,0,0,6
pl5,2026081,6,9,0,1,6
pl5,2026082,0,4,8,3,8
pl5,2026083,9,0,3,4,0
pl5,2026084,0,0,4,9,3
pl5,2026085,0,2,0,7,7
pl5,2026086,3,3,4,8,8
pl5,2026087,0,7,0,7,6
pl5,2026088,4,7,4,5,9
pl5,2026089,2,1,6,3,4
pl5,2026090,9,5,4,4,3
pl5,2026091,2,0,2,8,2
pl5,2026092,7,6,1,2,0
pl5,2026093,9,9,8,7,6
pl5,2026094,9,3,8,1,1
pl5,2026095,5,6,8,1,9
pl5,2026096,6,4,3,9,1
pl5,2026097,2,2,6,8,2
pl5,2026098,9,7,4,3,5
pl5,2026099,4,2,4,1,4
pl5,2026100,2,0,7,5,8
pl5,2026101,0,9,0,3,3
pl5,2026102,4,9,0,2,6
pl5,2026103,9,0,1,2,0
pl5,2026104,7,8,6,7,0
pl5,2026105,2,1,7,6,3
pl5,2026106,3,4,3,9,9
pl5,2026107,1,5,4,1,3
pl5,2026108,6,5,6,3,8
pl5,2026109,0,8,8,1,2
pl5,2026110,3,4,3,0,4
pl5,2026111,8,7,7,9,0
pl5,2026112,6,5,2,9,3
pl5,2026113,9,2,5,8,5
pl5,2026114,0,1,7,7,3
pl5,2026115,3,3,3,0,1
pl5,2026116,9,5,1,4,3
pl5,2026117,0,9,1,2,8
pl5,2026118,2,7,2,3,1
pl5,2026119,2,2,2,1,9
pl5,2026120,2,9,6,4,8
pl5,2026121,0,4,0,3,3
pl5,2026122,7,4,7,6,1
pl5,2026123,9,5,5,1,2
pl5,2026124,7,8,5,3,2
pl5,2026125,8,6,7,2,1
pl5,2026126,8,3,5,2,6
pl5,2026127,9,3,6,0,3
pl5,2026128,5,1,2,2,8
pl5,2026129,6,8,3,3,1
pl5,2026130,0,7,0,1,3
pl5,2026131,9,6,8,4,1
pl5,2026132,4,4,3,5,0
pl5,2026133,5,4,3,7,0
pl5,2026134,5,1,5,3,3
pl5,2026135,9,3,9,2,5
pl5,2026136,4,6,6,2,3
pl5,2026137,5,4,4,3,6
pl5,2026138,2,6,3,5,6
pl5,2026139,1,9,8,1,1
pl5,2026140,4,2,1,7,8
pl5,2026141,2,1,5,8,2
pl5,2026142,9,1,6,1,7
pl5,2026143,7,4,4,0,0
pl5,2026144,4,6,2,6,5
pl5,2026145,9,9,3,0,0
pl5,2026146,1,5,4,9,2
pl5,2026147,5,9,0,5,3
pl5,2026148,0,6,5,6,2
pl5,2026149,3,2,5,3,3
pl5,2026150,3,4,0,7,1
pl5,2026151,9,8,3,9,4
pl5,2026152,1,5,1,4,8
pl5,2026153,3,8,9,4,9
pl5,2026154,4,7,3,8,6
pl5,2026155,4,8,5,4,7
pl5,2026156,6,4,1,7,0
pl5,2026157,8,3,0,3,4
pl5,2026158,9,1,1,3,3
pl5,2026159,5,5,7,6,0
pl5,2026160,5,5,1,6,4
pl5,2026161,5,6,2,0,5
pl5,2026162,3,6,9,6,3
pl5,2026163,3,4,6,4,9
pl5,2026164,7,1,5,7,2
pl5,2026165,2,9,4,4,9
pl5,2026166,2,2,9,5,0
pl5,2026167,0,1,2,3,1
pl5,2026168,1,9,2,7,4
pl5,2026169,8,8,4,7,3
pl5,2026170,4,1,7,7,2
pl5,2026171,0,4,8,1,7
pl5,2026172,7,7,1,1,5
pl5,2026173,2,5,9,7,5
pl5,2026174,1,5,7,6,6
pl5,2026175,8,3,8,1,3
pl5,2026176,5,8,4,8,1
pl5,2026177,8,2,6,7,0
pl5,2026178,8,3,7,9,9
pl5,2026179,3,9,6,2,3
pl5,2026180,0,0,5,7,2
pl5,2026181,1,2,4,4,4
pl5,2026182,3,1,3,4,0
pl5,2026183,3,5,2,6,2
pl5,2026184,1,4,2,4,6
pl5,2026185,7,8,5,7,9
pl5,2026186,6,6,5,0,1
pl5,2026187,0,8,6,7,8
pl5,2026188,6,0,7,7,0
pl5,2026189,9,5,0,6,5
pl5,2026190,5,5,4,0,8
pl5,2026191,0,6,9,8,9
pl5,2026192,3,0,6,1,4
pl5,2026193,1,8,0,6,8
pl5,2026194,7,0,1,0,6
pl5,2026195,5,9,5,1,6
pl5,2026196,7,2,6,3,2
pl5,2026197,4,7,3,4,1
pl5,2026198,7,1,9,0,7
pl5,2026199,3,0,5,0,7
pl5,2026200,0,7,7,2,0
pl5,2026201,8,6,2,7,1
pl5,2026202,9,6,1,7,0
pl5,2026203,1,3,5,6,8
pl5,2026204,6,7,4,0,7
pl5,2026205,8,0,6,0,8
pl5,2026206,7,0,9,6,5
pl5,2026207,8,6,6,4,4
pl5,2026208,4,7,1,8,6
pl5,2026209,9,8,2,7,7
pl5,2026210,0,9,4,5,1
pl5,2026211,5,1,5,4,3
pl5,2026212,8,3,9,4,3
pl5,2026213,7,4,0,7,1
pl5,2026214,0,1,4,9,0
pl5,2026215,9,2,7,3,8
pl5,2026216,9,5,3,0,0
pl5,2026217,0,1,9,6,6
pl5,2026218,0,7,9,5,0
pl5,2026219,6,6,2,1,9
pl5,2026220,4,8,2,9,9
pl5,2026221,9,6,9,8,8
pl5,2026222,8,7,7,7,1
pl5,2026223,2,2,3,7,3
